;;;2008;2008;2008;2008;2008;Y2009;Y2009;Y2009;Y2009;Y2009;Y2010;Y2010;Y2010;Y2010;Y2010;Y2011;Y2011;Y2011;Y2011;Y2011;Y2012;Y2012;Y2012;Y2012;Y2012;Y2013;Y2013;Y2013;Y2013;Y2013;Y2014;Y2014;Y2014;Y2014;Y2014;Y2015;Y2015;Y2015;Y2015;Y2015;Y2016;Y2016;Y2016;Y2016;Y2016;Y2017;Y2017;Y2017;Y2017;Y2017;Y2018;Y2018;Y2018;Y2018;Y2018;Y2019;Y2019;Y2019;Y2019;Y2019;Y2020;Y2020;Y2020;Y2020;Y2020;Y2021;Y2021;Y2021;Y2021;Y2021;Y2022;Y2022;Y2022;Y2022;Y2022;Y2023;Y2023;Y2023;Y2023;Y2023;Y2024;Y2024;Y2024;Y2024;Y2024;Y2025;Y2025;Y2025;Y2025;Y2025;Y2026;Y2026;Y2026;Y2026;Y2026;Y2027;Y2027;Y2027;Y2027;Y2027
Market;Submarket;PivotSubDevice;Americas;Asia & Oceania (excl. Japan);EMEA;Japan;Worldwide;Americas;Asia & Oceania (excl. Japan);EMEA;Japan;Worldwide;Americas;Asia & Oceania (excl. Japan);EMEA;Japan;Worldwide;Americas;Asia & Oceania (excl. Japan);EMEA;Japan;Worldwide;Americas;Asia & Oceania (excl. Japan);EMEA;Japan;Worldwide;Americas;Asia & Oceania (excl. Japan);EMEA;Japan;Worldwide;Americas;Asia & Oceania (excl. Japan);EMEA;Japan;Worldwide;Americas;Asia & Oceania (excl. Japan);EMEA;Japan;Worldwide;Americas;Asia & Oceania (excl. Japan);EMEA;Japan;Worldwide;Americas;Asia & Oceania (excl. Japan);EMEA;Japan;Worldwide;Americas;Asia & Oceania (excl. Japan);EMEA;Japan;Worldwide;Americas;Asia & Oceania (excl. Japan);EMEA;Japan;Worldwide;Americas;Asia & Oceania (excl. Japan);EMEA;Japan;Worldwide;Americas;Asia & Oceania (excl. Japan);EMEA;Japan;Worldwide;Americas;Asia & Oceania (excl. Japan);EMEA;Japan;Worldwide;Americas;Asia & Oceania (excl. Japan);EMEA;Japan;Worldwide;Americas;Asia & Oceania (excl. Japan);EMEA;Japan;Worldwide;Americas;Asia & Oceania (excl. Japan);EMEA;Japan;Worldwide;Americas;Asia & Oceania (excl. Japan);EMEA;Japan;Worldwide;Americas;Asia & Oceania (excl. Japan);EMEA;Japan;Worldwide
Computing & Data Storage Categories;Data Center Servers;Analog ASSP;100 ;311 ;48 ;7 ;465 ;80 ;258 ;39 ;1 ;377 ;87 ;311 ;49 ;7 ;455 ;89 ;360 ;52 ;3 ;504 ;68 ;257 ;36 ;5 ;365 ;71 ;266 ;38 ;4 ;380 ;64 ;237 ;35 ;3 ;338 ;54 ;211 ;31 ;1 ;296 ;51 ;201 ;29 ;1 ;283 ;56 ;229 ;32 ;3 ;320 ;64 ;275 ;39 ;3 ;381 ;30 ;123 ;17 ;1 ;171 ;38 ;155 ;22 ;2 ;216 ;52 ;214 ;30 ;2 ;298 ;69 ;281 ;40 ;3 ;392 ;51 ;208 ;29 ;2 ;290 ;48 ;199 ;28 ;2 ;277 ;46 ;187 ;26 ;2 ;261 ;45 ;186 ;26 ;2 ;259 ;45 ;185 ;26 ;2 ;258 
;;Analog ASIC;0 ;0 ;0 ;0 ;0 ;0 ;0 ;0 ;0 ;0 ;0 ;0 ;0 ;0 ;0 ;0 ;0 ;0 ;0 ;0 ;0 ;0 ;0 ;0 ;0 ;0 ;0 ;0 ;0 ;0 ;0 ;0 ;0 ;0 ;0 ;0 ;0 ;0 ;0 ;0 ;0 ;0 ;0 ;0 ;0 ;0 ;0 ;0 ;0 ;0 ;0 ;0 ;0 ;0 ;0 ;0 ;0 ;0 ;0 ;0 ;0 ;0 ;0 ;0 ;0 ;0 ;0 ;0 ;0 ;0 ;0 ;0 ;0 ;0 ;0 ;0 ;0 ;0 ;0 ;0 ;0 ;0 ;0 ;0 ;0 ;0 ;0 ;0 ;0 ;0 ;0 ;0 ;0 ;0 ;0 ;0 ;0 ;0 ;0 ;0 
Computing & Data Storage Categories;Desktop PCs;Analog ASSP;31 ;196 ;0 ;0 ;227 ;21 ;130 ;0 ;0 ;150 ;36 ;206 ;0 ;0 ;242 ;30 ;197 ;0 ;0 ;227 ;25 ;163 ;0 ;0 ;187 ;21 ;149 ;0 ;0 ;171 ;25 ;170 ;0 ;0 ;195 ;16 ;108 ;0 ;0 ;124 ;18 ;118 ;0 ;0 ;136 ;14 ;96 ;0 ;0 ;110 ;9 ;60 ;0 ;0 ;69 ;10 ;69 ;0 ;0 ;79 ;8 ;58 ;0 ;0 ;66 ;13 ;91 ;0 ;0 ;104 ;12 ;83 ;0 ;0 ;95 ;9 ;62 ;0 ;0 ;71 ;8 ;54 ;0 ;0 ;62 ;7 ;47 ;0 ;0 ;54 ;7 ;46 ;0 ;0 ;53 ;7 ;46 ;0 ;0 ;53 
;;Analog ASIC;0 ;0 ;0 ;0 ;0 ;0 ;0 ;0 ;0 ;0 ;0 ;0 ;0 ;0 ;0 ;0 ;0 ;0 ;0 ;0 ;0 ;0 ;0 ;0 ;0 ;0 ;0 ;0 ;0 ;0 ;0 ;0 ;0 ;0 ;0 ;0 ;0 ;0 ;0 ;0 ;0 ;0 ;0 ;0 ;0 ;0 ;0 ;0 ;0 ;0 ;0 ;0 ;0 ;0 ;0 ;0 ;0 ;0 ;0 ;0 ;0 ;0 ;0 ;0 ;0 ;0 ;0 ;0 ;0 ;0 ;0 ;0 ;0 ;0 ;0 ;0 ;0 ;0 ;0 ;0 ;0 ;0 ;0 ;0 ;0 ;0 ;0 ;0 ;0 ;0 ;0 ;0 ;0 ;0 ;0 ;0 ;0 ;0 ;0 ;0 
Computing & Data Storage Categories;Notebook PCs;Analog ASSP;0 ;299 ;0 ;25 ;324 ;0 ;327 ;0 ;26 ;353 ;0 ;429 ;0 ;24 ;453 ;0 ;423 ;0 ;17 ;440 ;0 ;359 ;0 ;12 ;371 ;0 ;357 ;0 ;10 ;367 ;0 ;410 ;0 ;10 ;420 ;0 ;296 ;0 ;6 ;302 ;0 ;340 ;0 ;5 ;345 ;0 ;241 ;0 ;3 ;244 ;0 ;274 ;0 ;3 ;277 ;0 ;249 ;0 ;2 ;252 ;0 ;370 ;0 ;3 ;373 ;0 ;639 ;0 ;5 ;644 ;0 ;855 ;0 ;7 ;862 ;0 ;541 ;0 ;4 ;545 ;0 ;508 ;0 ;4 ;512 ;0 ;478 ;0 ;4 ;482 ;0 ;460 ;0 ;4 ;464 ;0 ;461 ;0 ;4 ;465 
;;Analog ASIC;0 ;0 ;0 ;0 ;0 ;0 ;0 ;0 ;0 ;0 ;0 ;0 ;0 ;0 ;0 ;0 ;0 ;0 ;0 ;0 ;0 ;0 ;0 ;0 ;0 ;0 ;0 ;0 ;0 ;0 ;0 ;0 ;0 ;0 ;0 ;0 ;0 ;0 ;0 ;0 ;0 ;0 ;0 ;0 ;0 ;0 ;0 ;0 ;0 ;0 ;0 ;0 ;0 ;0 ;0 ;0 ;0 ;0 ;0 ;0 ;0 ;0 ;0 ;0 ;0 ;0 ;0 ;0 ;0 ;0 ;0 ;0 ;0 ;0 ;0 ;0 ;0 ;0 ;0 ;0 ;0 ;0 ;0 ;0 ;0 ;0 ;0 ;0 ;0 ;0 ;0 ;0 ;0 ;0 ;0 ;0 ;0 ;0 ;0 ;0 
Computing & Data Storage Categories;Tablet PCs;Analog ASSP;0 ;0 ;0 ;0 ;0 ;0 ;0 ;0 ;0 ;0 ;0 ;7 ;0 ;0 ;7 ;0 ;13 ;0 ;0 ;13 ;0 ;15 ;0 ;0 ;15 ;0 ;48 ;0 ;0 ;48 ;0 ;97 ;0 ;0 ;97 ;0 ;130 ;0 ;0 ;130 ;0 ;249 ;0 ;0 ;249 ;0 ;266 ;0 ;0 ;266 ;0 ;243 ;0 ;0 ;243 ;0 ;256 ;0 ;0 ;256 ;0 ;263 ;0 ;0 ;263 ;0 ;465 ;0 ;0 ;465 ;0 ;381 ;0 ;0 ;381 ;0 ;266 ;0 ;0 ;266 ;0 ;275 ;0 ;0 ;275 ;0 ;262 ;0 ;0 ;262 ;0 ;255 ;0 ;0 ;255 ;0 ;254 ;0 ;0 ;254 
;;Analog ASIC;0 ;0 ;0 ;0 ;0 ;0 ;0 ;0 ;0 ;0 ;0 ;0 ;0 ;0 ;0 ;0 ;0 ;0 ;0 ;0 ;0 ;0 ;0 ;0 ;0 ;0 ;0 ;0 ;0 ;0 ;0 ;0 ;0 ;0 ;0 ;0 ;0 ;0 ;0 ;0 ;0 ;0 ;0 ;0 ;0 ;0 ;0 ;0 ;0 ;0 ;0 ;0 ;0 ;0 ;0 ;0 ;0 ;0 ;0 ;0 ;0 ;0 ;0 ;0 ;0 ;0 ;0 ;0 ;0 ;0 ;0 ;0 ;0 ;0 ;0 ;0 ;0 ;0 ;0 ;0 ;0 ;0 ;0 ;0 ;0 ;0 ;0 ;0 ;0 ;0 ;0 ;0 ;0 ;0 ;0 ;0 ;0 ;0 ;0 ;0 
Computing & Data Storage Categories;Hard Disk Drives;Analog ASSP;0 ;445 ;0 ;94 ;539 ;0 ;312 ;0 ;61 ;372 ;0 ;342 ;0 ;60 ;402 ;0 ;326 ;0 ;50 ;377 ;0 ;296 ;0 ;49 ;345 ;0 ;173 ;0 ;25 ;198 ;0 ;101 ;0 ;14 ;115 ;0 ;258 ;0 ;31 ;289 ;0 ;217 ;0 ;23 ;239 ;0 ;232 ;0 ;24 ;256 ;0 ;111 ;0 ;10 ;121 ;0 ;183 ;0 ;15 ;198 ;0 ;170 ;0 ;13 ;183 ;0 ;240 ;0 ;18 ;258 ;0 ;176 ;0 ;13 ;189 ;0 ;135 ;0 ;10 ;145 ;0 ;138 ;0 ;10 ;148 ;0 ;139 ;0 ;11 ;150 ;0 ;137 ;0 ;10 ;147 ;0 ;136 ;0 ;10 ;146 
;;Analog ASIC;0 ;0 ;0 ;0 ;0 ;0 ;0 ;0 ;0 ;0 ;0 ;0 ;0 ;0 ;0 ;0 ;0 ;0 ;0 ;0 ;0 ;0 ;0 ;0 ;0 ;0 ;0 ;0 ;0 ;0 ;0 ;0 ;0 ;0 ;0 ;0 ;0 ;0 ;0 ;0 ;0 ;0 ;0 ;0 ;0 ;0 ;0 ;0 ;0 ;0 ;0 ;0 ;0 ;0 ;0 ;0 ;0 ;0 ;0 ;0 ;0 ;0 ;0 ;0 ;0 ;0 ;0 ;0 ;0 ;0 ;0 ;0 ;0 ;0 ;0 ;0 ;0 ;0 ;0 ;0 ;0 ;0 ;0 ;0 ;0 ;0 ;0 ;0 ;0 ;0 ;0 ;0 ;0 ;0 ;0 ;0 ;0 ;0 ;0 ;0 
Computing & Data Storage Categories;Solid-State Drives;Analog ASSP;0 ;0 ;0 ;0 ;0 ;0 ;0 ;0 ;0 ;0 ;0 ;0 ;0 ;0 ;0 ;0 ;0 ;0 ;0 ;0 ;0 ;0 ;0 ;0 ;0 ;0 ;0 ;0 ;0 ;0 ;0 ;0 ;0 ;0 ;0 ;0 ;0 ;0 ;0 ;0 ;0 ;0 ;0 ;0 ;0 ;0 ;0 ;0 ;0 ;0 ;0 ;0 ;0 ;0 ;0 ;0 ;0 ;0 ;0 ;0 ;0 ;0 ;0 ;0 ;0 ;0 ;0 ;0 ;0 ;0 ;0 ;0 ;0 ;0 ;0 ;0 ;0 ;0 ;0 ;0 ;0 ;0 ;0 ;0 ;0 ;0 ;0 ;0 ;0 ;0 ;0 ;0 ;0 ;0 ;0 ;0 ;0 ;0 ;0 ;0 
;;Analog ASIC;0 ;0 ;0 ;0 ;0 ;0 ;0 ;0 ;0 ;0 ;0 ;0 ;0 ;0 ;0 ;0 ;0 ;0 ;0 ;0 ;0 ;0 ;0 ;0 ;0 ;0 ;0 ;0 ;0 ;0 ;0 ;0 ;0 ;0 ;0 ;0 ;0 ;0 ;0 ;0 ;0 ;0 ;0 ;0 ;0 ;0 ;0 ;0 ;0 ;0 ;0 ;0 ;0 ;0 ;0 ;0 ;0 ;0 ;0 ;0 ;0 ;0 ;0 ;0 ;0 ;0 ;0 ;0 ;0 ;0 ;0 ;0 ;0 ;0 ;0 ;0 ;0 ;0 ;0 ;0 ;0 ;0 ;0 ;0 ;0 ;0 ;0 ;0 ;0 ;0 ;0 ;0 ;0 ;0 ;0 ;0 ;0 ;0 ;0 ;0 
Computing & Data Storage Categories;USB Flash Drive;Analog ASSP;0 ;0 ;0 ;0 ;0 ;0 ;0 ;0 ;0 ;0 ;0 ;0 ;0 ;0 ;0 ;0 ;0 ;0 ;0 ;0 ;0 ;0 ;0 ;0 ;0 ;0 ;0 ;0 ;0 ;0 ;0 ;0 ;0 ;0 ;0 ;0 ;0 ;0 ;0 ;0 ;0 ;0 ;0 ;0 ;0 ;0 ;0 ;0 ;0 ;0 ;0 ;0 ;0 ;0 ;0 ;0 ;0 ;0 ;0 ;0 ;0 ;0 ;0 ;0 ;0 ;0 ;0 ;0 ;0 ;0 ;0 ;0 ;0 ;0 ;0 ;0 ;0 ;0 ;0 ;0 ;0 ;0 ;0 ;0 ;0 ;0 ;0 ;0 ;0 ;0 ;0 ;0 ;0 ;0 ;0 ;0 ;0 ;0 ;0 ;0 
;;Analog ASIC;0 ;0 ;0 ;0 ;0 ;0 ;0 ;0 ;0 ;0 ;0 ;0 ;0 ;0 ;0 ;0 ;0 ;0 ;0 ;0 ;0 ;0 ;0 ;0 ;0 ;0 ;0 ;0 ;0 ;0 ;0 ;0 ;0 ;0 ;0 ;0 ;0 ;0 ;0 ;0 ;0 ;0 ;0 ;0 ;0 ;0 ;0 ;0 ;0 ;0 ;0 ;0 ;0 ;0 ;0 ;0 ;0 ;0 ;0 ;0 ;0 ;0 ;0 ;0 ;0 ;0 ;0 ;0 ;0 ;0 ;0 ;0 ;0 ;0 ;0 ;0 ;0 ;0 ;0 ;0 ;0 ;0 ;0 ;0 ;0 ;0 ;0 ;0 ;0 ;0 ;0 ;0 ;0 ;0 ;0 ;0 ;0 ;0 ;0 ;0 
Computing & Data Storage Categories;Smart Cards;Analog ASSP;0 ;0 ;0 ;0 ;0 ;0 ;0 ;0 ;0 ;0 ;0 ;0 ;0 ;0 ;0 ;0 ;0 ;0 ;0 ;0 ;0 ;0 ;0 ;0 ;0 ;0 ;0 ;0 ;0 ;0 ;0 ;0 ;0 ;0 ;0 ;0 ;0 ;0 ;0 ;0 ;0 ;0 ;0 ;0 ;0 ;0 ;0 ;0 ;0 ;0 ;0 ;0 ;0 ;0 ;0 ;0 ;0 ;0 ;0 ;0 ;0 ;0 ;0 ;0 ;0 ;0 ;0 ;0 ;0 ;0 ;0 ;0 ;0 ;0 ;0 ;0 ;0 ;0 ;0 ;0 ;0 ;0 ;0 ;0 ;0 ;0 ;0 ;0 ;0 ;0 ;0 ;0 ;0 ;0 ;0 ;0 ;0 ;0 ;0 ;0 
;;Analog ASIC;0 ;0 ;0 ;0 ;0 ;0 ;0 ;0 ;0 ;0 ;0 ;0 ;0 ;0 ;0 ;0 ;0 ;0 ;0 ;0 ;0 ;0 ;0 ;0 ;0 ;0 ;0 ;0 ;0 ;0 ;0 ;0 ;0 ;0 ;0 ;0 ;0 ;0 ;0 ;0 ;0 ;0 ;0 ;0 ;0 ;0 ;0 ;0 ;0 ;0 ;0 ;0 ;0 ;0 ;0 ;0 ;0 ;0 ;0 ;0 ;0 ;0 ;0 ;0 ;0 ;0 ;0 ;0 ;0 ;0 ;0 ;0 ;0 ;0 ;0 ;0 ;0 ;0 ;0 ;0 ;0 ;0 ;0 ;0 ;0 ;0 ;0 ;0 ;0 ;0 ;0 ;0 ;0 ;0 ;0 ;0 ;0 ;0 ;0 ;0 
Computing & Data Storage Categories;Flash Storage Cards;Analog ASSP;0 ;0 ;0 ;0 ;0 ;0 ;0 ;0 ;0 ;0 ;0 ;0 ;0 ;0 ;0 ;0 ;0 ;0 ;0 ;0 ;0 ;0 ;0 ;0 ;0 ;0 ;0 ;0 ;0 ;0 ;0 ;0 ;0 ;0 ;0 ;0 ;0 ;0 ;0 ;0 ;0 ;0 ;0 ;0 ;0 ;0 ;0 ;0 ;0 ;0 ;0 ;0 ;0 ;0 ;0 ;0 ;0 ;0 ;0 ;0 ;0 ;0 ;0 ;0 ;0 ;0 ;0 ;0 ;0 ;0 ;0 ;0 ;0 ;0 ;0 ;0 ;0 ;0 ;0 ;0 ;0 ;0 ;0 ;0 ;0 ;0 ;0 ;0 ;0 ;0 ;0 ;0 ;0 ;0 ;0 ;0 ;0 ;0 ;0 ;0 
;;Analog ASIC;0 ;0 ;0 ;0 ;0 ;0 ;0 ;0 ;0 ;0 ;0 ;0 ;0 ;0 ;0 ;0 ;0 ;0 ;0 ;0 ;0 ;0 ;0 ;0 ;0 ;0 ;0 ;0 ;0 ;0 ;0 ;0 ;0 ;0 ;0 ;0 ;0 ;0 ;0 ;0 ;0 ;0 ;0 ;0 ;0 ;0 ;0 ;0 ;0 ;0 ;0 ;0 ;0 ;0 ;0 ;0 ;0 ;0 ;0 ;0 ;0 ;0 ;0 ;0 ;0 ;0 ;0 ;0 ;0 ;0 ;0 ;0 ;0 ;0 ;0 ;0 ;0 ;0 ;0 ;0 ;0 ;0 ;0 ;0 ;0 ;0 ;0 ;0 ;0 ;0 ;0 ;0 ;0 ;0 ;0 ;0 ;0 ;0 ;0 ;0 
Computing & Data Storage Categories;Other Data Storage;Analog ASSP;328 ;184 ;65 ;74 ;651 ;260 ;144 ;49 ;52 ;505 ;253 ;132 ;63 ;67 ;515 ;224 ;123 ;57 ;57 ;461 ;149 ;77 ;36 ;38 ;300 ;46 ;24 ;11 ;12 ;93 ;62 ;31 ;15 ;15 ;124 ;57 ;28 ;14 ;14 ;114 ;58 ;28 ;14 ;14 ;114 ;84 ;41 ;21 ;20 ;165 ;119 ;57 ;29 ;28 ;234 ;28 ;13 ;7 ;7 ;55 ;35 ;17 ;9 ;8 ;69 ;94 ;44 ;23 ;22 ;182 ;171 ;80 ;42 ;40 ;333 ;90 ;42 ;22 ;21 ;176 ;71 ;33 ;18 ;17 ;139 ;67 ;31 ;17 ;16 ;131 ;63 ;30 ;16 ;15 ;123 ;63 ;30 ;16 ;15 ;123 
;;Analog ASIC;131 ;73 ;26 ;29 ;260 ;105 ;58 ;20 ;21 ;205 ;92 ;48 ;23 ;24 ;187 ;65 ;36 ;17 ;17 ;134 ;56 ;29 ;13 ;14 ;113 ;83 ;43 ;20 ;21 ;167 ;101 ;51 ;25 ;25 ;201 ;130 ;65 ;33 ;32 ;260 ;113 ;55 ;28 ;27 ;223 ;195 ;95 ;48 ;47 ;386 ;178 ;86 ;44 ;42 ;350 ;89 ;42 ;22 ;21 ;174 ;105 ;49 ;26 ;24 ;205 ;170 ;79 ;42 ;39 ;331 ;167 ;78 ;41 ;39 ;324 ;92 ;43 ;23 ;21 ;180 ;70 ;33 ;17 ;16 ;137 ;73 ;34 ;18 ;17 ;142 ;77 ;36 ;19 ;18 ;150 ;70 ;33 ;17 ;16 ;137 
Computing & Data Storage Categories;Other Peripherals;Analog ASSP;0 ;475 ;0 ;0 ;475 ;0 ;431 ;0 ;0 ;431 ;0 ;482 ;0 ;0 ;482 ;0 ;475 ;0 ;0 ;475 ;0 ;465 ;0 ;0 ;465 ;0 ;646 ;0 ;0 ;646 ;0 ;779 ;0 ;0 ;779 ;0 ;594 ;0 ;0 ;594 ;0 ;498 ;0 ;0 ;498 ;0 ;489 ;0 ;0 ;489 ;0 ;412 ;0 ;0 ;412 ;0 ;637 ;0 ;0 ;637 ;0 ;639 ;0 ;0 ;639 ;0 ;708 ;0 ;0 ;708 ;0 ;585 ;0 ;0 ;585 ;0 ;454 ;0 ;0 ;454 ;0 ;436 ;0 ;0 ;436 ;0 ;400 ;0 ;0 ;400 ;0 ;390 ;0 ;0 ;390 ;0 ;389 ;0 ;0 ;389 
;;Analog ASIC;0 ;241 ;0 ;0 ;241 ;0 ;180 ;0 ;0 ;180 ;0 ;155 ;0 ;0 ;155 ;0 ;106 ;0 ;0 ;106 ;0 ;103 ;0 ;0 ;103 ;0 ;160 ;0 ;0 ;160 ;0 ;171 ;0 ;0 ;171 ;0 ;199 ;0 ;0 ;199 ;0 ;184 ;0 ;0 ;184 ;0 ;150 ;0 ;0 ;150 ;0 ;202 ;0 ;0 ;202 ;0 ;218 ;0 ;0 ;218 ;0 ;211 ;0 ;0 ;211 ;0 ;198 ;0 ;0 ;198 ;0 ;136 ;0 ;0 ;136 ;0 ;92 ;0 ;0 ;92 ;0 ;103 ;0 ;0 ;103 ;0 ;109 ;0 ;0 ;109 ;0 ;112 ;0 ;0 ;112 ;0 ;105 ;0 ;0 ;105 
Computing & Data Storage Categories;Other Computing;Analog ASSP;7 ;84 ;28 ;26 ;145 ;6 ;75 ;23 ;20 ;124 ;7 ;80 ;29 ;26 ;143 ;5 ;67 ;24 ;21 ;117 ;6 ;79 ;27 ;26 ;138 ;9 ;122 ;40 ;38 ;209 ;8 ;103 ;35 ;32 ;177 ;8 ;104 ;36 ;33 ;181 ;8 ;102 ;35 ;32 ;176 ;8 ;105 ;36 ;32 ;181 ;11 ;151 ;51 ;46 ;260 ;13 ;166 ;57 ;51 ;287 ;12 ;157 ;54 ;48 ;271 ;16 ;207 ;72 ;63 ;358 ;13 ;168 ;58 ;51 ;290 ;12 ;158 ;55 ;48 ;273 ;12 ;155 ;53 ;47 ;267 ;11 ;143 ;49 ;43 ;246 ;11 ;139 ;48 ;42 ;240 ;11 ;139 ;48 ;42 ;239 
;;Analog ASIC;18 ;201 ;66 ;61 ;345 ;10 ;135 ;40 ;36 ;221 ;8 ;96 ;34 ;32 ;170 ;4 ;48 ;17 ;16 ;85 ;3 ;44 ;15 ;15 ;78 ;5 ;69 ;23 ;21 ;119 ;5 ;68 ;23 ;21 ;118 ;8 ;109 ;38 ;34 ;190 ;9 ;118 ;41 ;37 ;205 ;7 ;94 ;32 ;29 ;163 ;8 ;106 ;36 ;32 ;182 ;11 ;138 ;48 ;42 ;238 ;10 ;125 ;43 ;38 ;216 ;9 ;111 ;38 ;34 ;192 ;8 ;109 ;38 ;33 ;187 ;5 ;72 ;25 ;22 ;124 ;7 ;88 ;30 ;27 ;151 ;7 ;92 ;32 ;28 ;158 ;7 ;94 ;33 ;29 ;163 ;7 ;88 ;30 ;27 ;152 
Wired Communications Categories;Enterprise Ethernet Switches & Routers;Analog ASSP;5 ;179 ;5 ;0 ;189 ;3 ;109 ;3 ;0 ;114 ;4 ;168 ;4 ;0 ;176 ;4 ;128 ;5 ;0 ;137 ;3 ;111 ;4 ;0 ;119 ;4 ;118 ;5 ;0 ;127 ;4 ;143 ;5 ;0 ;152 ;3 ;104 ;4 ;0 ;110 ;3 ;99 ;4 ;0 ;105 ;2 ;115 ;4 ;0 ;121 ;3 ;149 ;5 ;0 ;156 ;2 ;86 ;3 ;0 ;90 ;2 ;86 ;2 ;0 ;90 ;2 ;89 ;2 ;0 ;93 ;2 ;90 ;2 ;0 ;94 ;3 ;124 ;3 ;0 ;129 ;3 ;148 ;3 ;0 ;154 ;4 ;198 ;4 ;0 ;206 ;4 ;210 ;4 ;0 ;219 ;4 ;209 ;4 ;0 ;218 
;;Analog ASIC;0 ;17 ;0 ;0 ;18 ;0 ;12 ;0 ;0 ;13 ;0 ;19 ;0 ;0 ;20 ;1 ;17 ;1 ;0 ;18 ;1 ;19 ;1 ;0 ;20 ;1 ;24 ;1 ;0 ;26 ;1 ;19 ;1 ;0 ;21 ;1 ;23 ;1 ;0 ;25 ;1 ;27 ;1 ;0 ;29 ;1 ;28 ;1 ;0 ;29 ;0 ;24 ;1 ;0 ;25 ;1 ;26 ;1 ;0 ;28 ;1 ;31 ;1 ;0 ;32 ;1 ;47 ;1 ;0 ;49 ;1 ;52 ;1 ;0 ;55 ;1 ;40 ;1 ;0 ;42 ;1 ;45 ;1 ;0 ;47 ;1 ;66 ;1 ;0 ;69 ;1 ;68 ;1 ;0 ;71 ;1 ;63 ;1 ;0 ;66 
Wired Communications Categories;Low-Tier Consumer/SOHO Routers;Analog ASSP;0 ;0 ;0 ;0 ;0 ;0 ;0 ;0 ;0 ;0 ;0 ;0 ;0 ;0 ;1 ;1 ;0 ;0 ;0 ;1 ;1 ;0 ;0 ;0 ;1 ;1 ;0 ;0 ;0 ;1 ;0 ;0 ;0 ;0 ;1 ;0 ;0 ;0 ;0 ;1 ;0 ;0 ;0 ;0 ;1 ;0 ;0 ;0 ;0 ;0 ;0 ;0 ;0 ;0 ;0 ;0 ;0 ;0 ;0 ;1 ;1 ;0 ;0 ;0 ;1 ;1 ;0 ;0 ;0 ;1 ;1 ;0 ;0 ;0 ;1 ;1 ;0 ;0 ;0 ;1 ;1 ;0 ;0 ;0 ;1 ;1 ;0 ;1 ;0 ;2 ;1 ;0 ;0 ;0 ;1 ;1 ;0 ;0 ;0 ;1 
;;Analog ASIC;10 ;0 ;5 ;3 ;18 ;8 ;0 ;3 ;2 ;13 ;11 ;0 ;5 ;3 ;20 ;10 ;0 ;5 ;2 ;18 ;11 ;1 ;5 ;3 ;20 ;15 ;1 ;7 ;4 ;26 ;12 ;1 ;6 ;3 ;21 ;14 ;1 ;7 ;3 ;25 ;17 ;1 ;8 ;4 ;29 ;17 ;1 ;8 ;4 ;30 ;14 ;1 ;7 ;3 ;25 ;16 ;1 ;8 ;3 ;28 ;18 ;2 ;9 ;4 ;32 ;27 ;3 ;14 ;6 ;49 ;31 ;3 ;16 ;6 ;56 ;24 ;2 ;13 ;5 ;44 ;26 ;2 ;13 ;5 ;47 ;38 ;4 ;20 ;8 ;69 ;39 ;4 ;20 ;8 ;71 ;36 ;3 ;19 ;7 ;66 
Wired Communications Categories;Carrier Ethernet Switches & Routers;Analog ASSP;12 ;14 ;14 ;9 ;49 ;6 ;18 ;6 ;3 ;33 ;12 ;33 ;11 ;6 ;62 ;10 ;32 ;10 ;5 ;57 ;10 ;30 ;9 ;5 ;54 ;9 ;26 ;8 ;4 ;46 ;7 ;17 ;6 ;3 ;33 ;4 ;9 ;3 ;2 ;18 ;5 ;12 ;4 ;2 ;24 ;5 ;10 ;4 ;2 ;20 ;7 ;14 ;5 ;2 ;28 ;7 ;13 ;5 ;2 ;27 ;10 ;17 ;7 ;3 ;37 ;16 ;28 ;11 ;5 ;60 ;16 ;29 ;11 ;5 ;61 ;19 ;34 ;14 ;6 ;73 ;21 ;37 ;15 ;6 ;79 ;22 ;40 ;16 ;6 ;85 ;22 ;40 ;16 ;6 ;84 ;22 ;39 ;16 ;6 ;83 
;;Analog ASIC;0 ;0 ;0 ;0 ;0 ;0 ;0 ;0 ;0 ;0 ;0 ;0 ;0 ;0 ;0 ;0 ;0 ;0 ;0 ;0 ;0 ;0 ;0 ;0 ;0 ;0 ;0 ;0 ;0 ;0 ;0 ;0 ;0 ;0 ;0 ;0 ;0 ;0 ;0 ;0 ;0 ;0 ;0 ;0 ;0 ;0 ;0 ;0 ;0 ;0 ;0 ;0 ;0 ;0 ;0 ;0 ;0 ;0 ;0 ;0 ;0 ;0 ;0 ;0 ;0 ;0 ;0 ;0 ;0 ;0 ;0 ;0 ;0 ;0 ;0 ;0 ;0 ;0 ;0 ;0 ;0 ;0 ;0 ;0 ;0 ;0 ;0 ;0 ;0 ;0 ;0 ;0 ;0 ;0 ;0 ;0 ;0 ;0 ;0 ;0 
Wired Communications Categories;Optical Equipment;Analog ASSP;8 ;12 ;13 ;10 ;43 ;8 ;13 ;12 ;10 ;44 ;11 ;19 ;16 ;13 ;60 ;10 ;20 ;17 ;13 ;60 ;9 ;20 ;15 ;12 ;56 ;9 ;21 ;15 ;11 ;56 ;6 ;13 ;9 ;7 ;35 ;5 ;11 ;9 ;7 ;32 ;5 ;10 ;7 ;5 ;28 ;9 ;17 ;12 ;9 ;47 ;13 ;24 ;17 ;12 ;66 ;16 ;30 ;21 ;14 ;80 ;24 ;42 ;29 ;19 ;113 ;25 ;45 ;31 ;20 ;121 ;24 ;42 ;29 ;19 ;114 ;26 ;45 ;31 ;20 ;123 ;25 ;44 ;30 ;19 ;118 ;27 ;48 ;33 ;21 ;130 ;27 ;48 ;33 ;21 ;130 ;27 ;48 ;33 ;21 ;129 
;;Analog ASIC;0 ;0 ;0 ;0 ;0 ;0 ;0 ;0 ;0 ;0 ;0 ;0 ;0 ;0 ;0 ;0 ;0 ;0 ;0 ;0 ;0 ;0 ;0 ;0 ;0 ;0 ;0 ;0 ;0 ;0 ;0 ;0 ;0 ;0 ;0 ;0 ;0 ;0 ;0 ;0 ;0 ;0 ;0 ;0 ;0 ;0 ;0 ;0 ;0 ;0 ;0 ;0 ;0 ;0 ;0 ;0 ;0 ;0 ;0 ;0 ;0 ;0 ;0 ;0 ;0 ;0 ;0 ;0 ;0 ;0 ;0 ;0 ;0 ;0 ;0 ;0 ;0 ;0 ;0 ;0 ;0 ;0 ;0 ;0 ;0 ;0 ;0 ;0 ;0 ;0 ;0 ;0 ;0 ;0 ;0 ;0 ;0 ;0 ;0 ;0 
Wired Communications Categories;FTTH Aggregation Equipment;Analog ASSP;2 ;1 ;3 ;2 ;7 ;2 ;1 ;3 ;2 ;8 ;4 ;3 ;6 ;5 ;17 ;3 ;3 ;5 ;4 ;15 ;3 ;3 ;6 ;4 ;16 ;4 ;3 ;6 ;5 ;18 ;3 ;2 ;6 ;4 ;16 ;5 ;3 ;8 ;6 ;21 ;5 ;3 ;7 ;5 ;21 ;5 ;3 ;7 ;5 ;20 ;8 ;4 ;11 ;7 ;30 ;7 ;4 ;10 ;6 ;27 ;10 ;5 ;13 ;8 ;36 ;14 ;7 ;19 ;12 ;52 ;13 ;7 ;17 ;11 ;48 ;14 ;7 ;19 ;12 ;53 ;15 ;8 ;20 ;13 ;55 ;17 ;9 ;22 ;14 ;62 ;17 ;9 ;22 ;14 ;62 ;17 ;9 ;22 ;14 ;62 
;;Analog ASIC;0 ;0 ;0 ;0 ;0 ;0 ;0 ;0 ;0 ;0 ;0 ;0 ;0 ;0 ;0 ;0 ;0 ;0 ;0 ;0 ;0 ;0 ;0 ;0 ;0 ;0 ;0 ;0 ;0 ;0 ;0 ;0 ;0 ;0 ;0 ;0 ;0 ;0 ;0 ;0 ;0 ;0 ;0 ;0 ;0 ;0 ;0 ;0 ;0 ;0 ;0 ;0 ;0 ;0 ;0 ;0 ;0 ;0 ;0 ;0 ;0 ;0 ;0 ;0 ;0 ;0 ;0 ;0 ;0 ;0 ;0 ;0 ;0 ;0 ;0 ;0 ;0 ;0 ;0 ;0 ;0 ;0 ;0 ;0 ;0 ;0 ;0 ;0 ;0 ;0 ;0 ;0 ;0 ;0 ;0 ;0 ;0 ;0 ;0 ;0 
Wired Communications Categories;FTTH CPE;Analog ASSP;0 ;0 ;1 ;1 ;2 ;1 ;0 ;1 ;1 ;2 ;1 ;1 ;1 ;1 ;3 ;1 ;1 ;1 ;1 ;4 ;1 ;1 ;2 ;1 ;5 ;1 ;1 ;2 ;1 ;5 ;1 ;1 ;2 ;1 ;5 ;2 ;1 ;3 ;2 ;8 ;2 ;1 ;2 ;2 ;6 ;3 ;2 ;4 ;3 ;11 ;5 ;3 ;7 ;5 ;20 ;5 ;2 ;6 ;4 ;18 ;6 ;3 ;8 ;5 ;22 ;6 ;3 ;9 ;6 ;24 ;5 ;3 ;7 ;5 ;20 ;6 ;3 ;9 ;6 ;24 ;8 ;4 ;11 ;7 ;30 ;9 ;5 ;12 ;8 ;34 ;9 ;5 ;13 ;8 ;35 ;9 ;5 ;12 ;8 ;34 
;;Analog ASIC;0 ;0 ;0 ;0 ;0 ;0 ;0 ;0 ;0 ;0 ;0 ;0 ;0 ;0 ;0 ;0 ;0 ;0 ;0 ;0 ;0 ;0 ;0 ;0 ;0 ;0 ;0 ;0 ;0 ;0 ;0 ;0 ;0 ;0 ;0 ;0 ;0 ;0 ;0 ;0 ;0 ;0 ;0 ;0 ;0 ;0 ;0 ;0 ;0 ;0 ;0 ;0 ;0 ;0 ;0 ;0 ;0 ;0 ;0 ;0 ;0 ;0 ;0 ;0 ;0 ;0 ;0 ;0 ;0 ;0 ;0 ;0 ;0 ;0 ;0 ;0 ;0 ;0 ;0 ;0 ;0 ;0 ;0 ;0 ;0 ;0 ;0 ;0 ;0 ;0 ;0 ;0 ;0 ;0 ;0 ;0 ;0 ;0 ;0 ;0 
Wired Communications Categories;DSL Aggregation Equipment;Analog ASSP;35 ;13 ;36 ;42 ;125 ;32 ;15 ;26 ;38 ;111 ;38 ;15 ;27 ;46 ;126 ;35 ;15 ;25 ;42 ;117 ;38 ;18 ;23 ;47 ;125 ;31 ;13 ;17 ;36 ;97 ;20 ;10 ;12 ;23 ;65 ;11 ;6 ;6 ;13 ;36 ;17 ;10 ;9 ;20 ;56 ;10 ;6 ;6 ;12 ;33 ;8 ;5 ;4 ;9 ;26 ;5 ;3 ;3 ;6 ;17 ;3 ;2 ;2 ;4 ;11 ;4 ;3 ;2 ;4 ;13 ;3 ;2 ;2 ;3 ;10 ;3 ;2 ;2 ;4 ;11 ;3 ;2 ;1 ;3 ;9 ;3 ;2 ;2 ;3 ;10 ;3 ;2 ;1 ;3 ;9 ;3 ;2 ;1 ;3 ;9 
;;Analog ASIC;0 ;0 ;0 ;0 ;0 ;0 ;0 ;0 ;0 ;0 ;0 ;0 ;0 ;0 ;0 ;0 ;0 ;0 ;0 ;0 ;0 ;0 ;0 ;0 ;0 ;0 ;0 ;0 ;0 ;0 ;0 ;0 ;0 ;0 ;0 ;0 ;0 ;0 ;0 ;0 ;0 ;0 ;0 ;0 ;0 ;0 ;0 ;0 ;0 ;0 ;0 ;0 ;0 ;0 ;0 ;0 ;0 ;0 ;0 ;0 ;0 ;0 ;0 ;0 ;0 ;0 ;0 ;0 ;0 ;0 ;0 ;0 ;0 ;0 ;0 ;0 ;0 ;0 ;0 ;0 ;0 ;0 ;0 ;0 ;0 ;0 ;0 ;0 ;0 ;0 ;0 ;0 ;0 ;0 ;0 ;0 ;0 ;0 ;0 ;0 
Wired Communications Categories;DSL CPE;Analog ASSP;63 ;202 ;48 ;7 ;320 ;44 ;189 ;41 ;11 ;285 ;32 ;231 ;55 ;0 ;318 ;27 ;254 ;53 ;0 ;335 ;23 ;223 ;44 ;0 ;289 ;19 ;160 ;35 ;0 ;214 ;27 ;226 ;50 ;0 ;302 ;16 ;144 ;31 ;0 ;191 ;18 ;189 ;39 ;0 ;246 ;13 ;143 ;28 ;0 ;184 ;9 ;102 ;20 ;0 ;131 ;9 ;110 ;22 ;0 ;141 ;8 ;99 ;19 ;0 ;126 ;9 ;107 ;20 ;0 ;136 ;8 ;103 ;20 ;0 ;131 ;13 ;160 ;31 ;0 ;203 ;14 ;179 ;34 ;0 ;228 ;16 ;197 ;38 ;0 ;251 ;16 ;197 ;38 ;0 ;250 ;16 ;195 ;37 ;0 ;248 
;;Analog ASIC;0 ;0 ;0 ;0 ;0 ;0 ;0 ;0 ;0 ;0 ;0 ;0 ;0 ;0 ;0 ;0 ;0 ;0 ;0 ;0 ;0 ;0 ;0 ;0 ;0 ;0 ;0 ;0 ;0 ;0 ;0 ;0 ;0 ;0 ;0 ;0 ;0 ;0 ;0 ;0 ;0 ;0 ;0 ;0 ;0 ;0 ;0 ;0 ;0 ;0 ;0 ;0 ;0 ;0 ;0 ;0 ;0 ;0 ;0 ;0 ;0 ;0 ;0 ;0 ;0 ;0 ;0 ;0 ;0 ;0 ;0 ;0 ;0 ;0 ;0 ;0 ;0 ;0 ;0 ;0 ;0 ;0 ;0 ;0 ;0 ;0 ;0 ;0 ;0 ;0 ;0 ;0 ;0 ;0 ;0 ;0 ;0 ;0 ;0 ;0 
Wired Communications Categories;Cable Aggregation Equipment;Analog ASSP;7 ;0 ;1 ;0 ;8 ;8 ;0 ;1 ;0 ;9 ;11 ;0 ;1 ;1 ;13 ;11 ;0 ;1 ;1 ;13 ;9 ;0 ;1 ;1 ;11 ;7 ;0 ;1 ;0 ;9 ;5 ;0 ;1 ;0 ;6 ;6 ;0 ;1 ;0 ;7 ;7 ;0 ;1 ;0 ;8 ;7 ;0 ;1 ;0 ;8 ;3 ;0 ;0 ;0 ;4 ;2 ;0 ;0 ;0 ;2 ;2 ;0 ;0 ;0 ;2 ;5 ;0 ;1 ;0 ;6 ;4 ;0 ;1 ;0 ;5 ;5 ;0 ;1 ;0 ;6 ;5 ;0 ;1 ;0 ;6 ;6 ;0 ;1 ;0 ;7 ;6 ;0 ;1 ;0 ;7 ;6 ;0 ;1 ;0 ;7 
;;Analog ASIC;0 ;0 ;0 ;0 ;0 ;0 ;0 ;0 ;0 ;0 ;0 ;0 ;0 ;0 ;0 ;0 ;0 ;0 ;0 ;0 ;0 ;0 ;0 ;0 ;0 ;0 ;0 ;0 ;0 ;0 ;0 ;0 ;0 ;0 ;0 ;0 ;0 ;0 ;0 ;0 ;0 ;0 ;0 ;0 ;0 ;0 ;0 ;0 ;0 ;0 ;0 ;0 ;0 ;0 ;0 ;0 ;0 ;0 ;0 ;0 ;0 ;0 ;0 ;0 ;0 ;0 ;0 ;0 ;0 ;0 ;0 ;0 ;0 ;0 ;0 ;0 ;0 ;0 ;0 ;0 ;0 ;0 ;0 ;0 ;0 ;0 ;0 ;0 ;0 ;0 ;0 ;0 ;0 ;0 ;0 ;0 ;0 ;0 ;0 ;0 
Wired Communications Categories;Cable CPE;Analog ASSP;10 ;27 ;11 ;7 ;55 ;9 ;28 ;10 ;6 ;53 ;10 ;32 ;12 ;7 ;61 ;13 ;41 ;15 ;8 ;77 ;12 ;40 ;14 ;8 ;73 ;13 ;47 ;14 ;8 ;82 ;11 ;42 ;12 ;7 ;72 ;10 ;38 ;11 ;6 ;66 ;11 ;40 ;11 ;5 ;68 ;8 ;29 ;8 ;4 ;50 ;7 ;25 ;7 ;3 ;41 ;9 ;31 ;8 ;4 ;52 ;10 ;37 ;10 ;4 ;61 ;12 ;43 ;11 ;5 ;70 ;11 ;41 ;11 ;4 ;67 ;15 ;55 ;14 ;6 ;91 ;17 ;61 ;16 ;7 ;100 ;19 ;69 ;18 ;7 ;113 ;19 ;68 ;18 ;7 ;112 ;18 ;68 ;18 ;7 ;111 
;;Analog ASIC;0 ;0 ;0 ;0 ;0 ;0 ;0 ;0 ;0 ;0 ;0 ;0 ;0 ;0 ;0 ;0 ;0 ;0 ;0 ;0 ;0 ;0 ;0 ;0 ;0 ;0 ;0 ;0 ;0 ;0 ;0 ;0 ;0 ;0 ;0 ;0 ;0 ;0 ;0 ;0 ;0 ;0 ;0 ;0 ;0 ;0 ;0 ;0 ;0 ;0 ;0 ;0 ;0 ;0 ;0 ;0 ;0 ;0 ;0 ;0 ;0 ;0 ;0 ;0 ;0 ;0 ;0 ;0 ;0 ;0 ;0 ;0 ;0 ;0 ;0 ;0 ;0 ;0 ;0 ;0 ;0 ;0 ;0 ;0 ;0 ;0 ;0 ;0 ;0 ;0 ;0 ;0 ;0 ;0 ;0 ;0 ;0 ;0 ;0 ;0 
Wired Communications Categories;Threat Mitigation Products;Analog ASSP;5 ;32 ;9 ;7 ;53 ;2 ;39 ;10 ;9 ;60 ;4 ;52 ;12 ;14 ;81 ;2 ;55 ;10 ;13 ;80 ;2 ;53 ;9 ;12 ;77 ;3 ;54 ;9 ;13 ;78 ;3 ;73 ;13 ;18 ;107 ;3 ;59 ;11 ;14 ;87 ;2 ;55 ;9 ;12 ;78 ;4 ;90 ;15 ;19 ;128 ;6 ;146 ;24 ;31 ;207 ;5 ;115 ;19 ;24 ;163 ;6 ;149 ;24 ;30 ;209 ;6 ;151 ;24 ;30 ;211 ;7 ;164 ;26 ;33 ;230 ;7 ;181 ;29 ;36 ;253 ;8 ;201 ;32 ;40 ;281 ;9 ;234 ;38 ;47 ;328 ;9 ;235 ;38 ;47 ;330 ;9 ;234 ;38 ;47 ;328 
;;Analog ASIC;2 ;11 ;3 ;2 ;18 ;0 ;9 ;2 ;2 ;13 ;1 ;13 ;3 ;3 ;20 ;1 ;12 ;2 ;3 ;18 ;1 ;14 ;2 ;3 ;20 ;1 ;18 ;3 ;4 ;27 ;1 ;14 ;3 ;3 ;21 ;1 ;17 ;3 ;4 ;25 ;1 ;21 ;4 ;5 ;30 ;1 ;21 ;3 ;5 ;30 ;1 ;18 ;3 ;4 ;25 ;1 ;20 ;3 ;4 ;28 ;1 ;23 ;4 ;5 ;32 ;1 ;35 ;6 ;7 ;49 ;2 ;40 ;6 ;8 ;56 ;1 ;34 ;6 ;7 ;48 ;1 ;34 ;6 ;7 ;48 ;2 ;50 ;8 ;10 ;70 ;2 ;51 ;8 ;10 ;72 ;2 ;48 ;8 ;10 ;67 
Wired Communications Categories;Enterprise UC & Voice;Analog ASSP;7 ;26 ;17 ;20 ;70 ;5 ;22 ;11 ;13 ;51 ;7 ;29 ;15 ;16 ;67 ;6 ;35 ;15 ;15 ;71 ;5 ;33 ;12 ;13 ;64 ;4 ;30 ;9 ;10 ;54 ;3 ;19 ;6 ;6 ;35 ;1 ;8 ;2 ;3 ;14 ;1 ;10 ;3 ;3 ;17 ;0 ;2 ;1 ;1 ;3 ;0 ;1 ;0 ;0 ;1 ;0 ;1 ;0 ;0 ;2 ;0 ;3 ;1 ;1 ;5 ;1 ;6 ;1 ;1 ;9 ;1 ;6 ;2 ;1 ;10 ;1 ;8 ;2 ;2 ;12 ;1 ;10 ;2 ;2 ;16 ;2 ;13 ;3 ;3 ;21 ;2 ;13 ;3 ;3 ;21 ;2 ;13 ;3 ;3 ;21 
;;Analog ASIC;0 ;0 ;0 ;0 ;0 ;0 ;0 ;0 ;0 ;0 ;0 ;0 ;0 ;0 ;0 ;0 ;0 ;0 ;0 ;0 ;0 ;0 ;0 ;0 ;0 ;0 ;0 ;0 ;0 ;0 ;0 ;0 ;0 ;0 ;0 ;0 ;0 ;0 ;0 ;0 ;0 ;0 ;0 ;0 ;0 ;0 ;0 ;0 ;0 ;0 ;0 ;0 ;0 ;0 ;0 ;0 ;0 ;0 ;0 ;0 ;0 ;0 ;0 ;0 ;0 ;0 ;0 ;0 ;0 ;0 ;0 ;0 ;0 ;0 ;0 ;0 ;0 ;0 ;0 ;0 ;0 ;0 ;0 ;0 ;0 ;0 ;0 ;0 ;0 ;0 ;0 ;0 ;0 ;0 ;0 ;0 ;0 ;0 ;0 ;0 
Wired Communications Categories;Broadcast & Streaming Video;Analog ASSP;13 ;11 ;19 ;15 ;58 ;15 ;14 ;23 ;18 ;71 ;14 ;12 ;24 ;19 ;69 ;15 ;13 ;27 ;21 ;76 ;15 ;12 ;26 ;21 ;75 ;17 ;12 ;28 ;23 ;80 ;14 ;10 ;23 ;18 ;65 ;11 ;8 ;19 ;15 ;53 ;13 ;10 ;23 ;16 ;63 ;13 ;9 ;23 ;16 ;61 ;10 ;7 ;18 ;12 ;48 ;11 ;8 ;20 ;13 ;52 ;12 ;9 ;22 ;14 ;56 ;14 ;10 ;26 ;16 ;66 ;15 ;11 ;28 ;17 ;71 ;17 ;12 ;32 ;20 ;81 ;20 ;15 ;38 ;24 ;98 ;24 ;17 ;45 ;28 ;114 ;24 ;17 ;44 ;28 ;113 ;23 ;17 ;44 ;28 ;112 
;;Analog ASIC;0 ;0 ;0 ;0 ;0 ;0 ;0 ;0 ;0 ;0 ;0 ;0 ;0 ;0 ;0 ;0 ;0 ;0 ;0 ;0 ;0 ;0 ;0 ;0 ;0 ;0 ;0 ;0 ;0 ;0 ;0 ;0 ;0 ;0 ;0 ;0 ;0 ;0 ;0 ;0 ;0 ;0 ;0 ;0 ;0 ;0 ;0 ;0 ;0 ;0 ;0 ;0 ;0 ;0 ;0 ;0 ;0 ;0 ;0 ;0 ;0 ;0 ;0 ;0 ;0 ;0 ;0 ;0 ;0 ;0 ;0 ;0 ;0 ;0 ;0 ;0 ;0 ;0 ;0 ;0 ;0 ;0 ;0 ;0 ;0 ;0 ;0 ;0 ;0 ;0 ;0 ;0 ;0 ;0 ;0 ;0 ;0 ;0 ;0 ;0 
Wired Communications Categories;Data Center Network Switches;Analog ASSP;72 ;24 ;36 ;7 ;139 ;44 ;14 ;22 ;4 ;84 ;61 ;20 ;31 ;6 ;118 ;57 ;19 ;29 ;6 ;110 ;56 ;18 ;28 ;5 ;107 ;52 ;17 ;26 ;5 ;100 ;78 ;26 ;39 ;8 ;151 ;53 ;17 ;26 ;5 ;101 ;56 ;18 ;28 ;5 ;107 ;60 ;20 ;30 ;6 ;115 ;55 ;18 ;27 ;5 ;106 ;50 ;16 ;25 ;5 ;96 ;51 ;17 ;25 ;5 ;98 ;48 ;16 ;24 ;5 ;92 ;39 ;13 ;20 ;4 ;75 ;63 ;21 ;32 ;6 ;122 ;74 ;24 ;37 ;7 ;143 ;97 ;32 ;49 ;9 ;187 ;98 ;32 ;49 ;9 ;188 ;97 ;32 ;49 ;9 ;187 
;;Analog ASIC;1 ;0 ;1 ;0 ;3 ;1 ;0 ;0 ;0 ;1 ;1 ;0 ;1 ;0 ;2 ;1 ;0 ;0 ;0 ;2 ;1 ;0 ;0 ;0 ;2 ;1 ;0 ;0 ;0 ;1 ;1 ;0 ;0 ;0 ;1 ;0 ;0 ;0 ;0 ;1 ;0 ;0 ;0 ;0 ;1 ;0 ;0 ;0 ;0 ;1 ;0 ;0 ;0 ;0 ;1 ;0 ;0 ;0 ;0 ;1 ;0 ;0 ;0 ;0 ;0 ;1 ;0 ;0 ;0 ;1 ;1 ;0 ;0 ;0 ;1 ;1 ;0 ;0 ;0 ;1 ;1 ;0 ;0 ;0 ;1 ;1 ;0 ;0 ;0 ;1 ;1 ;0 ;0 ;0 ;1 ;1 ;0 ;0 ;0 ;1 
Wired Communications Categories;Other Wired Communications;Analog ASSP;207 ;286 ;179 ;67 ;738 ;144 ;233 ;124 ;40 ;541 ;171 ;322 ;138 ;46 ;677 ;175 ;317 ;107 ;39 ;638 ;153 ;237 ;120 ;40 ;550 ;195 ;306 ;143 ;48 ;692 ;172 ;280 ;129 ;42 ;623 ;174 ;272 ;131 ;42 ;620 ;155 ;350 ;114 ;30 ;649 ;150 ;336 ;111 ;30 ;627 ;150 ;336 ;109 ;28 ;622 ;156 ;376 ;113 ;27 ;673 ;181 ;467 ;131 ;30 ;809 ;181 ;466 ;131 ;30 ;807 ;179 ;461 ;129 ;29 ;798 ;245 ;633 ;177 ;40 ;1 096 ;246 ;635 ;178 ;40 ;1 099 ;300 ;774 ;217 ;49 ;1 340 ;301 ;776 ;217 ;49 ;1 344 ;299 ;773 ;216 ;49 ;1 338 
;;Analog ASIC;5 ;7 ;4 ;2 ;18 ;4 ;6 ;3 ;1 ;14 ;5 ;10 ;4 ;1 ;20 ;5 ;9 ;3 ;1 ;19 ;6 ;9 ;5 ;2 ;21 ;8 ;12 ;6 ;2 ;27 ;6 ;10 ;4 ;1 ;22 ;7 ;11 ;5 ;2 ;26 ;7 ;16 ;5 ;1 ;30 ;7 ;16 ;5 ;1 ;30 ;6 ;14 ;5 ;1 ;26 ;7 ;16 ;5 ;1 ;29 ;7 ;19 ;5 ;1 ;33 ;11 ;29 ;8 ;2 ;50 ;13 ;33 ;9 ;2 ;57 ;11 ;28 ;8 ;2 ;49 ;11 ;28 ;8 ;2 ;49 ;16 ;42 ;12 ;3 ;72 ;17 ;43 ;12 ;3 ;74 ;15 ;40 ;11 ;3 ;69 
Wireless Communications Categories;Mobile Phone (ULCH, Entry, Feature);Analog ASSP;886 ;3 506 ;666 ;201 ;5 259 ;726 ;2 705 ;522 ;72 ;4 024 ;592 ;2 302 ;380 ;28 ;3 303 ;316 ;1 499 ;296 ;11 ;2 122 ;78 ;742 ;93 ;3 ;916 ;53 ;676 ;64 ;1 ;794 ;45 ;574 ;43 ;0 ;662 ;28 ;455 ;29 ;0 ;512 ;10 ;216 ;10 ;0 ;236 ;12 ;289 ;13 ;0 ;314 ;10 ;284 ;10 ;0 ;304 ;8 ;274 ;8 ;0 ;290 ;6 ;238 ;6 ;0 ;250 ;4 ;191 ;5 ;0 ;200 ;4 ;160 ;4 ;0 ;168 ;2 ;97 ;2 ;0 ;102 ;1 ;33 ;1 ;0 ;35 ;0 ;17 ;0 ;0 ;18 ;0 ;17 ;0 ;0 ;18 ;0 ;17 ;0 ;0 ;18 
;;Analog ASIC;170 ;673 ;128 ;39 ;1 009 ;112 ;419 ;81 ;11 ;623 ;45 ;174 ;29 ;2 ;250 ;10 ;48 ;10 ;0 ;69 ;2 ;18 ;2 ;0 ;22 ;1 ;8 ;1 ;0 ;10 ;0 ;6 ;0 ;0 ;7 ;1 ;8 ;1 ;0 ;9 ;0 ;1 ;0 ;0 ;1 ;0 ;11 ;0 ;0 ;12 ;0 ;15 ;1 ;0 ;16 ;0 ;17 ;1 ;0 ;18 ;0 ;15 ;0 ;0 ;16 ;0 ;3 ;0 ;0 ;3 ;0 ;0 ;0 ;0 ;0 ;0 ;0 ;0 ;0 ;0 ;0 ;0 ;0 ;0 ;0 ;0 ;0 ;0 ;0 ;0 ;0 ;0 ;0 ;0 ;0 ;0 ;0 ;0 ;0 ;0 
Wireless Communications Categories;Low-Tier Smartphone;Analog ASSP;0 ;0 ;0 ;0 ;0 ;0 ;0 ;0 ;0 ;0 ;0 ;80 ;0 ;3 ;83 ;0 ;305 ;0 ;66 ;371 ;0 ;573 ;0 ;44 ;617 ;17 ;1 120 ;0 ;37 ;1 174 ;32 ;1 600 ;36 ;42 ;1 710 ;49 ;1 868 ;37 ;45 ;1 999 ;51 ;1 663 ;28 ;34 ;1 776 ;51 ;1 694 ;25 ;28 ;1 798 ;32 ;1 421 ;16 ;17 ;1 485 ;26 ;1 074 ;12 ;10 ;1 123 ;31 ;1 221 ;12 ;10 ;1 273 ;39 ;1 557 ;15 ;13 ;1 624 ;52 ;2 038 ;20 ;16 ;2 126 ;41 ;1 622 ;16 ;13 ;1 692 ;37 ;1 479 ;14 ;12 ;1 543 ;43 ;1 681 ;16 ;13 ;1 753 ;41 ;1 625 ;16 ;13 ;1 695 ;41 ;1 618 ;16 ;13 ;1 688 
;;Analog ASIC;0 ;0 ;0 ;0 ;0 ;0 ;0 ;0 ;0 ;0 ;0 ;16 ;0 ;1 ;17 ;0 ;28 ;0 ;6 ;34 ;0 ;35 ;0 ;3 ;37 ;0 ;34 ;0 ;1 ;35 ;1 ;39 ;1 ;1 ;41 ;1 ;42 ;1 ;1 ;45 ;1 ;33 ;1 ;1 ;35 ;1 ;31 ;0 ;1 ;33 ;1 ;27 ;0 ;0 ;28 ;1 ;22 ;0 ;0 ;23 ;1 ;24 ;0 ;0 ;25 ;1 ;32 ;0 ;0 ;33 ;1 ;37 ;0 ;0 ;39 ;1 ;31 ;0 ;0 ;32 ;1 ;27 ;0 ;0 ;28 ;1 ;35 ;0 ;0 ;37 ;1 ;36 ;0 ;0 ;38 ;1 ;35 ;0 ;0 ;36 
Wireless Communications Categories;Mid-Tier Smartphone;Analog ASSP;0 ;0 ;0 ;10 ;10 ;0 ;31 ;0 ;6 ;36 ;0 ;109 ;0 ;5 ;113 ;0 ;170 ;0 ;37 ;207 ;0 ;253 ;0 ;19 ;272 ;8 ;555 ;0 ;18 ;581 ;18 ;896 ;20 ;23 ;958 ;34 ;1 296 ;26 ;31 ;1 388 ;44 ;1 441 ;25 ;29 ;1 539 ;51 ;1 678 ;25 ;28 ;1 781 ;39 ;1 754 ;19 ;21 ;1 834 ;45 ;1 845 ;20 ;18 ;1 929 ;61 ;2 409 ;23 ;19 ;2 512 ;83 ;3 281 ;31 ;26 ;3 422 ;95 ;3 743 ;36 ;30 ;3 904 ;79 ;3 118 ;30 ;25 ;3 252 ;76 ;2 983 ;29 ;24 ;3 111 ;87 ;3 429 ;33 ;28 ;3 576 ;84 ;3 315 ;32 ;27 ;3 457 ;84 ;3 301 ;32 ;27 ;3 443 
;;Analog ASIC;0 ;0 ;0 ;6 ;6 ;0 ;14 ;0 ;3 ;16 ;0 ;22 ;0 ;1 ;23 ;0 ;16 ;0 ;3 ;19 ;0 ;15 ;0 ;1 ;17 ;0 ;17 ;0 ;1 ;18 ;0 ;22 ;0 ;1 ;23 ;1 ;29 ;1 ;1 ;31 ;1 ;28 ;0 ;1 ;30 ;1 ;31 ;0 ;1 ;32 ;1 ;33 ;0 ;0 ;34 ;1 ;37 ;0 ;0 ;39 ;1 ;47 ;0 ;0 ;49 ;1 ;59 ;1 ;0 ;61 ;2 ;66 ;1 ;1 ;69 ;2 ;61 ;1 ;0 ;64 ;1 ;56 ;1 ;0 ;58 ;2 ;73 ;1 ;1 ;76 ;2 ;77 ;1 ;1 ;80 ;2 ;71 ;1 ;1 ;74 
Wireless Communications Categories;High-Tier Smartphone;Analog ASSP;0 ;0 ;0 ;63 ;63 ;0 ;69 ;0 ;12 ;81 ;0 ;496 ;0 ;21 ;517 ;0 ;753 ;0 ;162 ;915 ;0 ;2 610 ;0 ;199 ;2 809 ;38 ;2 574 ;0 ;85 ;2 696 ;47 ;2 328 ;52 ;60 ;2 488 ;89 ;3 391 ;67 ;82 ;3 629 ;98 ;3 222 ;55 ;65 ;3 440 ;120 ;3 979 ;59 ;65 ;4 223 ;105 ;4 715 ;52 ;56 ;4 929 ;109 ;4 478 ;50 ;44 ;4 680 ;130 ;5 127 ;49 ;41 ;5 348 ;193 ;7 619 ;73 ;61 ;7 946 ;231 ;9 104 ;87 ;73 ;9 496 ;172 ;6 787 ;65 ;55 ;7 078 ;162 ;6 379 ;61 ;51 ;6 653 ;175 ;6 917 ;66 ;56 ;7 214 ;169 ;6 686 ;64 ;54 ;6 974 ;169 ;6 659 ;64 ;53 ;6 945 
;;Analog ASIC;0 ;0 ;0 ;431 ;431 ;0 ;307 ;0 ;55 ;363 ;0 ;717 ;0 ;30 ;746 ;0 ;628 ;0 ;135 ;764 ;0 ;677 ;0 ;52 ;729 ;10 ;676 ;0 ;22 ;708 ;14 ;716 ;16 ;19 ;765 ;26 ;983 ;19 ;24 ;1 052 ;27 ;885 ;15 ;18 ;945 ;30 ;985 ;15 ;16 ;1 046 ;27 ;1 206 ;13 ;14 ;1 261 ;30 ;1 231 ;14 ;12 ;1 286 ;35 ;1 377 ;13 ;11 ;1 436 ;37 ;1 441 ;14 ;12 ;1 503 ;46 ;1 834 ;18 ;15 ;1 913 ;36 ;1 421 ;14 ;11 ;1 482 ;33 ;1 301 ;12 ;10 ;1 357 ;43 ;1 709 ;16 ;14 ;1 782 ;44 ;1 753 ;17 ;14 ;1 829 ;41 ;1 631 ;16 ;13 ;1 701 
Wireless Communications Categories;Gray Market Handsets;Analog ASSP;0 ;241 ;0 ;0 ;241 ;0 ;352 ;0 ;0 ;352 ;0 ;582 ;0 ;0 ;582 ;0 ;522 ;0 ;0 ;522 ;0 ;317 ;0 ;0 ;317 ;0 ;320 ;0 ;0 ;320 ;0 ;396 ;0 ;0 ;396 ;0 ;394 ;0 ;0 ;394 ;0 ;307 ;0 ;0 ;307 ;0 ;327 ;0 ;0 ;327 ;0 ;382 ;0 ;0 ;382 ;0 ;204 ;0 ;0 ;204 ;0 ;211 ;0 ;0 ;211 ;0 ;242 ;0 ;0 ;242 ;0 ;243 ;0 ;0 ;243 ;0 ;148 ;0 ;0 ;148 ;0 ;108 ;0 ;0 ;108 ;0 ;100 ;0 ;0 ;100 ;0 ;97 ;0 ;0 ;97 ;0 ;97 ;0 ;0 ;97 
;;Analog ASIC;0 ;46 ;0 ;0 ;46 ;0 ;54 ;0 ;0 ;54 ;0 ;44 ;0 ;0 ;44 ;0 ;16 ;0 ;0 ;16 ;0 ;7 ;0 ;0 ;7 ;0 ;3 ;0 ;0 ;3 ;0 ;3 ;0 ;0 ;3 ;0 ;3 ;0 ;0 ;3 ;0 ;2 ;0 ;0 ;2 ;0 ;3 ;0 ;0 ;3 ;0 ;3 ;0 ;0 ;3 ;0 ;2 ;0 ;0 ;2 ;0 ;2 ;0 ;0 ;2 ;0 ;1 ;0 ;0 ;1 ;0 ;1 ;0 ;0 ;1 ;0 ;1 ;0 ;0 ;1 ;0 ;0 ;0 ;0 ;0 ;0 ;0 ;0 ;0 ;0 ;0 ;0 ;0 ;0 ;0 ;0 ;0 ;0 ;0 ;0 
Wireless Communications Categories;Media Tablets;Analog ASSP;0 ;0 ;0 ;0 ;0 ;0 ;0 ;0 ;0 ;0 ;0 ;872 ;0 ;45 ;917 ;0 ;2 031 ;0 ;111 ;2 143 ;0 ;2 590 ;0 ;158 ;2 748 ;0 ;3 260 ;0 ;197 ;3 457 ;0 ;3 214 ;0 ;174 ;3 388 ;0 ;3 111 ;0 ;166 ;3 277 ;0 ;3 252 ;0 ;142 ;3 393 ;0 ;3 034 ;0 ;130 ;3 165 ;0 ;2 330 ;0 ;91 ;2 421 ;0 ;2 000 ;0 ;71 ;2 072 ;0 ;3 020 ;0 ;99 ;3 119 ;0 ;3 829 ;0 ;126 ;3 955 ;0 ;4 249 ;0 ;140 ;4 389 ;0 ;3 085 ;0 ;102 ;3 187 ;0 ;2 683 ;0 ;88 ;2 771 ;0 ;2 877 ;0 ;95 ;2 972 ;0 ;2 807 ;0 ;92 ;2 899 ;0 ;2 795 ;0 ;92 ;2 887 
;;Analog ASIC;0 ;0 ;0 ;0 ;0 ;0 ;0 ;0 ;0 ;0 ;0 ;30 ;0 ;2 ;31 ;0 ;46 ;0 ;3 ;49 ;0 ;57 ;0 ;3 ;60 ;0 ;36 ;0 ;2 ;39 ;0 ;30 ;0 ;2 ;32 ;0 ;28 ;0 ;1 ;29 ;0 ;26 ;0 ;1 ;28 ;0 ;25 ;0 ;1 ;26 ;0 ;17 ;0 ;1 ;17 ;0 ;15 ;0 ;1 ;16 ;0 ;22 ;0 ;1 ;23 ;0 ;31 ;0 ;1 ;32 ;0 ;35 ;0 ;1 ;36 ;0 ;26 ;0 ;1 ;27 ;0 ;22 ;0 ;1 ;23 ;0 ;27 ;0 ;1 ;28 ;0 ;27 ;0 ;1 ;28 ;0 ;25 ;0 ;1 ;26 
Wireless Communications Categories;M2M Modules;Analog ASSP;0 ;0 ;0 ;0 ;0 ;0 ;0 ;0 ;0 ;0 ;0 ;91 ;0 ;4 ;95 ;0 ;102 ;0 ;1 ;103 ;0 ;95 ;0 ;1 ;96 ;0 ;99 ;0 ;0 ;99 ;0 ;115 ;0 ;0 ;115 ;0 ;146 ;0 ;0 ;146 ;0 ;168 ;0 ;0 ;169 ;0 ;322 ;0 ;1 ;323 ;0 ;340 ;0 ;1 ;341 ;0 ;257 ;0 ;1 ;258 ;0 ;256 ;0 ;1 ;257 ;0 ;356 ;0 ;1 ;357 ;0 ;359 ;0 ;1 ;360 ;0 ;305 ;0 ;1 ;306 ;0 ;289 ;0 ;1 ;290 ;0 ;327 ;0 ;1 ;328 ;0 ;318 ;0 ;1 ;319 ;0 ;317 ;0 ;1 ;318 
;;Analog ASIC;0 ;0 ;0 ;0 ;0 ;0 ;0 ;0 ;0 ;0 ;0 ;3 ;0 ;0 ;3 ;0 ;2 ;0 ;0 ;2 ;0 ;2 ;0 ;0 ;2 ;0 ;1 ;0 ;0 ;1 ;0 ;1 ;0 ;0 ;1 ;0 ;1 ;0 ;0 ;1 ;0 ;1 ;0 ;0 ;1 ;0 ;3 ;0 ;0 ;3 ;0 ;3 ;0 ;0 ;3 ;0 ;2 ;0 ;0 ;2 ;0 ;2 ;0 ;0 ;2 ;0 ;2 ;0 ;0 ;2 ;0 ;3 ;0 ;0 ;3 ;0 ;3 ;0 ;0 ;3 ;0 ;2 ;0 ;0 ;2 ;0 ;3 ;0 ;0 ;3 ;0 ;3 ;0 ;0 ;3 ;0 ;3 ;0 ;0 ;3 
Wireless Communications Categories;Wireless LAN Equipment;Analog ASSP;0 ;93 ;0 ;29 ;121 ;0 ;84 ;0 ;21 ;105 ;0 ;89 ;0 ;28 ;117 ;0 ;114 ;0 ;40 ;154 ;0 ;85 ;0 ;34 ;119 ;0 ;77 ;0 ;35 ;112 ;0 ;117 ;0 ;49 ;167 ;0 ;95 ;0 ;41 ;136 ;0 ;167 ;0 ;62 ;229 ;0 ;118 ;0 ;45 ;164 ;0 ;103 ;0 ;40 ;142 ;0 ;129 ;0 ;48 ;176 ;0 ;169 ;0 ;61 ;230 ;0 ;196 ;0 ;72 ;268 ;0 ;198 ;0 ;72 ;270 ;0 ;190 ;0 ;69 ;259 ;0 ;196 ;0 ;71 ;267 ;0 ;228 ;0 ;83 ;311 ;0 ;224 ;0 ;81 ;305 ;0 ;222 ;0 ;81 ;303 
;;Analog ASIC;0 ;0 ;0 ;0 ;0 ;0 ;0 ;0 ;0 ;0 ;0 ;0 ;0 ;0 ;0 ;0 ;0 ;0 ;0 ;0 ;0 ;0 ;0 ;0 ;0 ;0 ;0 ;0 ;0 ;0 ;0 ;0 ;0 ;0 ;0 ;0 ;0 ;0 ;0 ;0 ;0 ;0 ;0 ;0 ;0 ;0 ;0 ;0 ;0 ;0 ;0 ;0 ;0 ;0 ;0 ;0 ;0 ;0 ;0 ;0 ;0 ;0 ;0 ;0 ;0 ;0 ;0 ;0 ;0 ;0 ;0 ;0 ;0 ;0 ;0 ;0 ;0 ;0 ;0 ;0 ;0 ;0 ;0 ;0 ;0 ;0 ;0 ;0 ;0 ;0 ;0 ;0 ;0 ;0 ;0 ;0 ;0 ;0 ;0 ;0 
Wireless Communications Categories;Mobile Comm Infrastructure;Analog ASSP;113 ;284 ;459 ;160 ;1 015 ;71 ;327 ;363 ;122 ;883 ;41 ;291 ;294 ;102 ;729 ;40 ;318 ;325 ;113 ;795 ;50 ;398 ;383 ;142 ;973 ;54 ;432 ;421 ;152 ;1 060 ;74 ;578 ;510 ;198 ;1 359 ;94 ;754 ;658 ;241 ;1 747 ;102 ;784 ;667 ;201 ;1 754 ;95 ;754 ;645 ;190 ;1 684 ;107 ;854 ;714 ;201 ;1 876 ;123 ;979 ;793 ;212 ;2 107 ;150 ;1 193 ;954 ;238 ;2 535 ;176 ;1 393 ;1 115 ;277 ;2 961 ;191 ;1 517 ;1 214 ;302 ;3 225 ;166 ;1 317 ;1 054 ;262 ;2 800 ;152 ;1 208 ;966 ;241 ;2 567 ;151 ;1 199 ;959 ;239 ;2 548 ;148 ;1 173 ;939 ;234 ;2 493 ;147 ;1 168 ;934 ;233 ;2 482 
;;Analog ASIC;0 ;0 ;0 ;0 ;0 ;0 ;0 ;0 ;0 ;0 ;0 ;0 ;0 ;0 ;0 ;0 ;0 ;0 ;0 ;0 ;0 ;0 ;0 ;0 ;0 ;0 ;0 ;0 ;0 ;0 ;0 ;0 ;0 ;0 ;0 ;0 ;0 ;0 ;0 ;0 ;0 ;0 ;0 ;0 ;0 ;0 ;0 ;0 ;0 ;0 ;0 ;0 ;0 ;0 ;0 ;0 ;0 ;0 ;0 ;0 ;0 ;0 ;0 ;0 ;0 ;0 ;0 ;0 ;0 ;0 ;0 ;0 ;0 ;0 ;0 ;0 ;0 ;0 ;0 ;0 ;0 ;0 ;0 ;0 ;0 ;0 ;0 ;0 ;0 ;0 ;0 ;0 ;0 ;0 ;0 ;0 ;0 ;0 ;0 ;0 
Wireless Communications Categories;Other Wireless Communications;Analog ASSP;0 ;915 ;369 ;530 ;1 814 ;0 ;1 381 ;565 ;797 ;2 743 ;0 ;1 295 ;781 ;975 ;3 051 ;0 ;1 659 ;970 ;1 027 ;3 656 ;0 ;1 469 ;722 ;820 ;3 011 ;0 ;1 433 ;646 ;728 ;2 806 ;0 ;1 854 ;758 ;914 ;3 526 ;0 ;1 850 ;803 ;915 ;3 568 ;0 ;1 853 ;885 ;749 ;3 487 ;0 ;2 089 ;1 013 ;838 ;3 940 ;0 ;2 132 ;1 030 ;801 ;3 962 ;0 ;2 040 ;999 ;722 ;3 761 ;0 ;2 170 ;1 110 ;723 ;4 003 ;0 ;2 600 ;1 329 ;867 ;4 796 ;0 ;2 530 ;1 294 ;843 ;4 667 ;0 ;2 073 ;1 060 ;691 ;3 824 ;0 ;1 908 ;975 ;636 ;3 519 ;0 ;2 093 ;1 070 ;698 ;3 861 ;0 ;2 044 ;1 045 ;681 ;3 771 ;0 ;2 036 ;1 041 ;679 ;3 755 
;;Analog ASIC;0 ;23 ;9 ;13 ;45 ;0 ;30 ;12 ;17 ;60 ;0 ;21 ;12 ;15 ;48 ;0 ;21 ;12 ;13 ;45 ;0 ;11 ;5 ;6 ;22 ;0 ;2 ;1 ;1 ;4 ;0 ;3 ;1 ;1 ;5 ;0 ;2 ;1 ;1 ;4 ;0 ;1 ;1 ;1 ;3 ;0 ;1 ;1 ;1 ;2 ;0 ;1 ;0 ;0 ;2 ;0 ;1 ;1 ;0 ;2 ;0 ;1 ;1 ;0 ;2 ;0 ;1 ;1 ;0 ;2 ;0 ;1 ;1 ;0 ;2 ;0 ;1 ;1 ;0 ;2 ;0 ;1 ;0 ;0 ;1 ;0 ;1 ;0 ;0 ;1 ;0 ;1 ;0 ;0 ;1 ;0 ;1 ;0 ;0 ;1 
Consumer Electronics Categories;LCD TV;Analog ASSP;111 ;450 ;164 ;106 ;831 ;102 ;567 ;161 ;97 ;927 ;154 ;932 ;248 ;153 ;1 486 ;138 ;755 ;235 ;140 ;1 267 ;147 ;752 ;239 ;152 ;1 290 ;163 ;834 ;272 ;169 ;1 437 ;136 ;703 ;230 ;139 ;1 208 ;153 ;810 ;261 ;156 ;1 380 ;140 ;772 ;247 ;139 ;1 298 ;119 ;659 ;209 ;117 ;1 104 ;122 ;686 ;217 ;119 ;1 144 ;106 ;607 ;191 ;102 ;1 006 ;106 ;622 ;195 ;101 ;1 024 ;123 ;719 ;225 ;117 ;1 184 ;116 ;681 ;213 ;111 ;1 121 ;94 ;553 ;173 ;90 ;911 ;99 ;579 ;182 ;94 ;954 ;111 ;649 ;203 ;106 ;1 069 ;110 ;647 ;203 ;105 ;1 066 ;110 ;644 ;202 ;105 ;1 061 
;;Analog ASIC;0 ;0 ;0 ;0 ;0 ;0 ;0 ;0 ;0 ;0 ;0 ;0 ;0 ;0 ;0 ;0 ;0 ;0 ;0 ;0 ;0 ;0 ;0 ;0 ;0 ;0 ;0 ;0 ;0 ;0 ;0 ;0 ;0 ;0 ;0 ;0 ;0 ;0 ;0 ;0 ;0 ;0 ;0 ;0 ;0 ;0 ;0 ;0 ;0 ;0 ;0 ;0 ;0 ;0 ;0 ;0 ;0 ;0 ;0 ;0 ;0 ;0 ;0 ;0 ;0 ;0 ;0 ;0 ;0 ;0 ;0 ;0 ;0 ;0 ;0 ;0 ;0 ;0 ;0 ;0 ;0 ;0 ;0 ;0 ;0 ;0 ;0 ;0 ;0 ;0 ;0 ;0 ;0 ;0 ;0 ;0 ;0 ;0 ;0 ;0 
Consumer Electronics Categories;OLED TV;Analog ASSP;0 ;0 ;0 ;0 ;0 ;0 ;0 ;0 ;0 ;0 ;0 ;0 ;0 ;0 ;0 ;0 ;0 ;0 ;0 ;0 ;0 ;0 ;0 ;0 ;0 ;0 ;0 ;0 ;0 ;0 ;0 ;1 ;0 ;0 ;1 ;1 ;5 ;2 ;1 ;9 ;2 ;13 ;4 ;2 ;22 ;6 ;35 ;11 ;6 ;59 ;13 ;74 ;24 ;13 ;124 ;14 ;81 ;26 ;14 ;135 ;18 ;104 ;33 ;17 ;171 ;29 ;171 ;54 ;28 ;282 ;40 ;236 ;74 ;38 ;388 ;33 ;194 ;61 ;32 ;320 ;36 ;209 ;66 ;34 ;345 ;45 ;267 ;84 ;43 ;439 ;44 ;260 ;82 ;42 ;429 ;44 ;259 ;81 ;42 ;427 
;;Analog ASIC;0 ;0 ;0 ;0 ;0 ;0 ;0 ;0 ;0 ;0 ;0 ;0 ;0 ;0 ;0 ;0 ;0 ;0 ;0 ;0 ;0 ;0 ;0 ;0 ;0 ;0 ;0 ;0 ;0 ;0 ;0 ;0 ;0 ;0 ;0 ;0 ;0 ;0 ;0 ;0 ;0 ;0 ;0 ;0 ;0 ;0 ;0 ;0 ;0 ;0 ;0 ;0 ;0 ;0 ;0 ;0 ;0 ;0 ;0 ;0 ;0 ;0 ;0 ;0 ;0 ;0 ;0 ;0 ;0 ;0 ;0 ;0 ;0 ;0 ;0 ;0 ;0 ;0 ;0 ;0 ;0 ;0 ;0 ;0 ;0 ;0 ;0 ;0 ;0 ;0 ;0 ;0 ;0 ;0 ;0 ;0 ;0 ;0 ;0 ;0 
Consumer Electronics Categories;Set-Top Boxes;Analog ASSP;8 ;809 ;13 ;4 ;834 ;5 ;503 ;8 ;3 ;519 ;6 ;605 ;9 ;3 ;624 ;6 ;565 ;9 ;3 ;582 ;6 ;573 ;9 ;3 ;591 ;5 ;465 ;7 ;2 ;479 ;5 ;455 ;7 ;2 ;470 ;5 ;443 ;7 ;2 ;457 ;0 ;535 ;0 ;0 ;535 ;0 ;592 ;0 ;0 ;592 ;0 ;472 ;0 ;0 ;472 ;0 ;419 ;0 ;0 ;419 ;0 ;334 ;0 ;0 ;334 ;0 ;348 ;0 ;0 ;348 ;0 ;287 ;0 ;0 ;287 ;0 ;268 ;0 ;0 ;268 ;0 ;247 ;0 ;0 ;247 ;0 ;230 ;0 ;0 ;230 ;0 ;224 ;0 ;0 ;224 ;0 ;224 ;0 ;0 ;224 
;;Analog ASIC;0 ;0 ;0 ;0 ;0 ;0 ;0 ;0 ;0 ;0 ;0 ;0 ;0 ;0 ;0 ;0 ;0 ;0 ;0 ;0 ;0 ;0 ;0 ;0 ;0 ;0 ;0 ;0 ;0 ;0 ;0 ;0 ;0 ;0 ;0 ;0 ;0 ;0 ;0 ;0 ;0 ;0 ;0 ;0 ;0 ;0 ;0 ;0 ;0 ;0 ;0 ;0 ;0 ;0 ;0 ;0 ;0 ;0 ;0 ;0 ;0 ;0 ;0 ;0 ;0 ;0 ;0 ;0 ;0 ;0 ;0 ;0 ;0 ;0 ;0 ;0 ;0 ;0 ;0 ;0 ;0 ;0 ;0 ;0 ;0 ;0 ;0 ;0 ;0 ;0 ;0 ;0 ;0 ;0 ;0 ;0 ;0 ;0 ;0 ;0 
Consumer Electronics Categories;Video Game Consoles;Analog ASSP;0 ;54 ;0 ;2 ;56 ;0 ;37 ;0 ;1 ;38 ;0 ;39 ;0 ;1 ;40 ;0 ;31 ;0 ;0 ;31 ;0 ;24 ;0 ;0 ;24 ;1 ;20 ;0 ;0 ;20 ;0 ;13 ;0 ;0 ;13 ;0 ;12 ;0 ;0 ;12 ;0 ;8 ;0 ;0 ;9 ;0 ;5 ;0 ;0 ;5 ;0 ;3 ;0 ;0 ;3 ;0 ;2 ;0 ;0 ;2 ;0 ;2 ;0 ;0 ;2 ;0 ;7 ;0 ;0 ;7 ;0 ;5 ;0 ;0 ;5 ;0 ;4 ;0 ;0 ;4 ;0 ;4 ;0 ;0 ;4 ;0 ;4 ;0 ;0 ;4 ;0 ;4 ;0 ;0 ;4 ;0 ;4 ;0 ;0 ;4 
;;Analog ASIC;0 ;0 ;0 ;0 ;0 ;0 ;0 ;0 ;0 ;0 ;0 ;0 ;0 ;0 ;0 ;0 ;0 ;0 ;0 ;0 ;0 ;0 ;0 ;0 ;0 ;0 ;0 ;0 ;0 ;0 ;0 ;0 ;0 ;0 ;0 ;0 ;0 ;0 ;0 ;0 ;0 ;0 ;0 ;0 ;0 ;0 ;0 ;0 ;0 ;0 ;0 ;0 ;0 ;0 ;0 ;0 ;0 ;0 ;0 ;0 ;0 ;0 ;0 ;0 ;0 ;0 ;0 ;0 ;0 ;0 ;0 ;0 ;0 ;0 ;0 ;0 ;0 ;0 ;0 ;0 ;0 ;0 ;0 ;0 ;0 ;0 ;0 ;0 ;0 ;0 ;0 ;0 ;0 ;0 ;0 ;0 ;0 ;0 ;0 ;0 
Consumer Electronics Categories;Smart Watches;Analog ASSP;0 ;0 ;0 ;0 ;0 ;0 ;0 ;0 ;0 ;0 ;0 ;0 ;0 ;0 ;0 ;0 ;0 ;0 ;0 ;0 ;0 ;0 ;0 ;0 ;0 ;0 ;4 ;0 ;1 ;5 ;0 ;6 ;0 ;1 ;7 ;0 ;78 ;0 ;14 ;91 ;0 ;91 ;0 ;19 ;110 ;0 ;267 ;0 ;56 ;323 ;0 ;198 ;0 ;43 ;241 ;0 ;193 ;0 ;43 ;236 ;0 ;201 ;0 ;47 ;248 ;0 ;300 ;0 ;71 ;371 ;0 ;324 ;0 ;76 ;400 ;0 ;295 ;0 ;69 ;364 ;0 ;426 ;0 ;100 ;526 ;0 ;594 ;0 ;140 ;734 ;0 ;595 ;0 ;140 ;735 ;0 ;593 ;0 ;139 ;732 
;;Analog ASIC;0 ;0 ;0 ;0 ;0 ;0 ;0 ;0 ;0 ;0 ;0 ;0 ;0 ;0 ;0 ;0 ;0 ;0 ;0 ;0 ;0 ;0 ;0 ;0 ;0 ;0 ;0 ;0 ;0 ;0 ;0 ;0 ;0 ;0 ;0 ;0 ;0 ;0 ;0 ;0 ;0 ;0 ;0 ;0 ;0 ;0 ;0 ;0 ;0 ;0 ;0 ;0 ;0 ;0 ;0 ;0 ;0 ;0 ;0 ;0 ;0 ;0 ;0 ;0 ;0 ;0 ;0 ;0 ;0 ;0 ;0 ;0 ;0 ;0 ;0 ;0 ;0 ;0 ;0 ;0 ;0 ;0 ;0 ;0 ;0 ;0 ;0 ;0 ;0 ;0 ;0 ;0 ;0 ;0 ;0 ;0 ;0 ;0 ;0 ;0 
Consumer Electronics Categories;Fitness & Wellness Wearable Electronics;Analog ASSP;0 ;0 ;0 ;0 ;0 ;0 ;46 ;0 ;5 ;51 ;0 ;72 ;0 ;12 ;84 ;0 ;60 ;0 ;11 ;71 ;0 ;56 ;0 ;10 ;66 ;0 ;48 ;0 ;8 ;56 ;0 ;61 ;0 ;11 ;72 ;0 ;64 ;0 ;11 ;75 ;0 ;94 ;0 ;19 ;114 ;0 ;89 ;0 ;19 ;108 ;0 ;67 ;0 ;14 ;82 ;0 ;87 ;0 ;20 ;107 ;0 ;90 ;0 ;21 ;111 ;0 ;224 ;0 ;53 ;277 ;0 ;150 ;0 ;35 ;185 ;0 ;117 ;0 ;28 ;145 ;0 ;114 ;0 ;27 ;141 ;0 ;123 ;0 ;29 ;152 ;0 ;124 ;0 ;29 ;153 ;0 ;124 ;0 ;29 ;153 
;;Analog ASIC;0 ;0 ;0 ;0 ;0 ;0 ;0 ;0 ;0 ;0 ;0 ;0 ;0 ;0 ;0 ;0 ;0 ;0 ;0 ;0 ;0 ;0 ;0 ;0 ;0 ;0 ;0 ;0 ;0 ;0 ;0 ;0 ;0 ;0 ;0 ;0 ;0 ;0 ;0 ;0 ;0 ;0 ;0 ;0 ;0 ;0 ;0 ;0 ;0 ;0 ;0 ;0 ;0 ;0 ;0 ;0 ;0 ;0 ;0 ;0 ;0 ;0 ;0 ;0 ;0 ;0 ;0 ;0 ;0 ;0 ;0 ;0 ;0 ;0 ;0 ;0 ;0 ;0 ;0 ;0 ;0 ;0 ;0 ;0 ;0 ;0 ;0 ;0 ;0 ;0 ;0 ;0 ;0 ;0 ;0 ;0 ;0 ;0 ;0 ;0 
Consumer Electronics Categories;Major Home Appliances;Analog ASSP;0 ;0 ;0 ;0 ;0 ;0 ;0 ;0 ;0 ;0 ;0 ;0 ;0 ;0 ;0 ;0 ;0 ;0 ;0 ;0 ;0 ;0 ;0 ;0 ;0 ;0 ;0 ;0 ;0 ;0 ;0 ;0 ;0 ;0 ;0 ;0 ;0 ;0 ;0 ;0 ;0 ;0 ;0 ;0 ;0 ;0 ;0 ;0 ;0 ;0 ;0 ;0 ;0 ;0 ;0 ;0 ;0 ;0 ;0 ;0 ;0 ;0 ;0 ;0 ;0 ;0 ;0 ;0 ;0 ;0 ;0 ;0 ;0 ;0 ;0 ;0 ;0 ;0 ;0 ;0 ;0 ;0 ;0 ;0 ;0 ;0 ;0 ;0 ;0 ;0 ;0 ;0 ;0 ;0 ;0 ;0 ;0 ;0 ;0 ;0 
;;Analog ASIC;0 ;0 ;0 ;0 ;0 ;0 ;0 ;0 ;0 ;0 ;0 ;0 ;0 ;0 ;0 ;0 ;0 ;0 ;0 ;0 ;0 ;0 ;0 ;0 ;0 ;0 ;0 ;0 ;0 ;0 ;0 ;0 ;0 ;0 ;0 ;0 ;0 ;0 ;0 ;0 ;0 ;0 ;0 ;0 ;0 ;0 ;0 ;0 ;0 ;0 ;0 ;0 ;0 ;0 ;0 ;0 ;0 ;0 ;0 ;0 ;0 ;0 ;0 ;0 ;0 ;0 ;0 ;0 ;0 ;0 ;0 ;0 ;0 ;0 ;0 ;0 ;0 ;0 ;0 ;0 ;0 ;0 ;0 ;0 ;0 ;0 ;0 ;0 ;0 ;0 ;0 ;0 ;0 ;0 ;0 ;0 ;0 ;0 ;0 ;0 
Consumer Electronics Categories;VR Headsets;Analog ASSP;0 ;0 ;0 ;0 ;0 ;0 ;0 ;0 ;0 ;0 ;0 ;0 ;0 ;0 ;0 ;0 ;0 ;0 ;0 ;0 ;0 ;0 ;0 ;0 ;0 ;0 ;0 ;0 ;0 ;0 ;0 ;0 ;0 ;0 ;0 ;0 ;0 ;0 ;0 ;0 ;11 ;147 ;11 ;14 ;183 ;7 ;103 ;8 ;9 ;127 ;6 ;92 ;6 ;7 ;111 ;7 ;125 ;7 ;9 ;148 ;9 ;164 ;9 ;10 ;192 ;14 ;254 ;13 ;16 ;297 ;20 ;364 ;19 ;23 ;425 ;18 ;333 ;17 ;21 ;389 ;20 ;363 ;19 ;23 ;424 ;25 ;467 ;24 ;29 ;545 ;27 ;494 ;26 ;31 ;577 ;27 ;492 ;26 ;31 ;575 
;;Analog ASIC;0 ;0 ;0 ;0 ;0 ;0 ;0 ;0 ;0 ;0 ;0 ;0 ;0 ;0 ;0 ;0 ;0 ;0 ;0 ;0 ;0 ;0 ;0 ;0 ;0 ;0 ;0 ;0 ;0 ;0 ;0 ;0 ;0 ;0 ;0 ;0 ;0 ;0 ;0 ;0 ;0 ;0 ;0 ;0 ;0 ;0 ;0 ;0 ;0 ;0 ;0 ;0 ;0 ;0 ;0 ;0 ;0 ;0 ;0 ;0 ;0 ;0 ;0 ;0 ;0 ;0 ;0 ;0 ;0 ;0 ;0 ;0 ;0 ;0 ;0 ;0 ;0 ;0 ;0 ;0 ;0 ;0 ;0 ;0 ;0 ;0 ;0 ;0 ;0 ;0 ;0 ;0 ;0 ;0 ;0 ;0 ;0 ;0 ;0 ;0 
Consumer Electronics Categories;Smart Speakers & Digital Assistants;Analog ASSP;0 ;0 ;0 ;0 ;0 ;0 ;0 ;0 ;0 ;0 ;0 ;0 ;0 ;0 ;0 ;0 ;0 ;0 ;0 ;0 ;0 ;0 ;0 ;0 ;0 ;0 ;0 ;0 ;0 ;0 ;0 ;1 ;0 ;0 ;1 ;0 ;5 ;0 ;1 ;6 ;2 ;27 ;2 ;3 ;34 ;3 ;45 ;3 ;4 ;56 ;4 ;56 ;4 ;4 ;67 ;5 ;92 ;5 ;6 ;109 ;10 ;178 ;9 ;11 ;208 ;16 ;293 ;15 ;18 ;342 ;16 ;295 ;15 ;18 ;345 ;18 ;336 ;17 ;21 ;393 ;20 ;371 ;19 ;23 ;433 ;27 ;507 ;26 ;31 ;592 ;28 ;521 ;27 ;32 ;608 ;28 ;518 ;27 ;32 ;605 
;;Analog ASIC;0 ;0 ;0 ;0 ;0 ;0 ;0 ;0 ;0 ;0 ;0 ;0 ;0 ;0 ;0 ;0 ;0 ;0 ;0 ;0 ;0 ;0 ;0 ;0 ;0 ;0 ;0 ;0 ;0 ;0 ;0 ;0 ;0 ;0 ;0 ;0 ;0 ;0 ;0 ;0 ;0 ;0 ;0 ;0 ;0 ;0 ;0 ;0 ;0 ;0 ;0 ;0 ;0 ;0 ;0 ;0 ;0 ;0 ;0 ;0 ;0 ;0 ;0 ;0 ;0 ;0 ;0 ;0 ;0 ;0 ;0 ;0 ;0 ;0 ;0 ;0 ;0 ;0 ;0 ;0 ;0 ;0 ;0 ;0 ;0 ;0 ;0 ;0 ;0 ;0 ;0 ;0 ;0 ;0 ;0 ;0 ;0 ;0 ;0 ;0 
Consumer Electronics Categories;Other Audio/Video;Analog ASSP;0 ;1 797 ;198 ;954 ;2 949 ;0 ;1 196 ;98 ;533 ;1 827 ;0 ;1 301 ;100 ;564 ;1 964 ;0 ;839 ;51 ;323 ;1 213 ;0 ;470 ;29 ;198 ;697 ;0 ;415 ;25 ;166 ;607 ;0 ;203 ;12 ;80 ;295 ;0 ;144 ;9 ;56 ;209 ;0 ;138 ;7 ;48 ;192 ;0 ;165 ;9 ;58 ;232 ;0 ;141 ;7 ;48 ;196 ;0 ;161 ;8 ;53 ;221 ;0 ;136 ;6 ;43 ;186 ;0 ;135 ;6 ;43 ;184 ;0 ;137 ;6 ;44 ;187 ;0 ;70 ;3 ;22 ;95 ;0 ;75 ;3 ;24 ;102 ;0 ;83 ;4 ;26 ;113 ;0 ;87 ;4 ;28 ;119 ;0 ;86 ;4 ;28 ;118 
;;Analog ASIC;0 ;38 ;4 ;20 ;62 ;0 ;24 ;2 ;11 ;37 ;0 ;31 ;2 ;14 ;47 ;0 ;30 ;2 ;11 ;43 ;0 ;49 ;3 ;21 ;73 ;0 ;79 ;5 ;32 ;116 ;0 ;69 ;4 ;27 ;100 ;0 ;76 ;5 ;30 ;111 ;0 ;84 ;4 ;29 ;118 ;0 ;111 ;6 ;39 ;156 ;0 ;119 ;6 ;40 ;165 ;0 ;41 ;2 ;14 ;57 ;0 ;21 ;1 ;7 ;28 ;0 ;26 ;1 ;8 ;35 ;0 ;23 ;1 ;7 ;31 ;0 ;18 ;1 ;6 ;24 ;0 ;15 ;1 ;5 ;21 ;0 ;19 ;1 ;6 ;26 ;0 ;18 ;1 ;6 ;25 ;0 ;17 ;1 ;5 ;23 
Consumer Electronics Categories;Other Consumer Electronics;Analog ASSP;10 ;97 ;26 ;71 ;203 ;6 ;66 ;14 ;43 ;128 ;5 ;50 ;9 ;38 ;102 ;6 ;49 ;9 ;38 ;102 ;3 ;22 ;4 ;18 ;48 ;3 ;23 ;4 ;18 ;47 ;2 ;21 ;4 ;16 ;43 ;3 ;20 ;4 ;16 ;43 ;3 ;22 ;4 ;18 ;47 ;4 ;31 ;6 ;26 ;68 ;3 ;25 ;5 ;21 ;55 ;3 ;22 ;4 ;19 ;49 ;4 ;26 ;5 ;23 ;58 ;10 ;66 ;13 ;57 ;145 ;8 ;55 ;11 ;48 ;122 ;6 ;41 ;8 ;35 ;90 ;6 ;41 ;8 ;35 ;90 ;7 ;45 ;9 ;39 ;99 ;6 ;43 ;9 ;37 ;96 ;6 ;43 ;9 ;37 ;96 
;;Analog ASIC;0 ;4 ;1 ;3 ;9 ;0 ;4 ;1 ;2 ;7 ;0 ;2 ;0 ;2 ;4 ;0 ;2 ;0 ;1 ;4 ;0 ;3 ;1 ;3 ;7 ;1 ;7 ;1 ;5 ;14 ;1 ;8 ;2 ;6 ;17 ;1 ;11 ;2 ;9 ;24 ;2 ;15 ;3 ;12 ;32 ;3 ;24 ;5 ;20 ;52 ;3 ;24 ;5 ;20 ;53 ;2 ;18 ;4 ;15 ;38 ;3 ;22 ;4 ;19 ;48 ;4 ;30 ;6 ;26 ;66 ;4 ;28 ;6 ;24 ;62 ;3 ;23 ;5 ;20 ;51 ;3 ;19 ;4 ;16 ;41 ;3 ;23 ;5 ;20 ;50 ;3 ;22 ;4 ;19 ;48 ;3 ;20 ;4 ;18 ;45 
Automotive Electronics Categories;Connectivity & Telematics;Analog ASSP;12 ;28 ;14 ;9 ;63 ;11 ;31 ;14 ;11 ;67 ;22 ;63 ;25 ;20 ;130 ;25 ;73 ;29 ;21 ;148 ;28 ;77 ;29 ;22 ;156 ;33 ;95 ;35 ;26 ;188 ;35 ;102 ;37 ;27 ;201 ;37 ;109 ;40 ;28 ;214 ;34 ;97 ;36 ;25 ;193 ;42 ;121 ;45 ;31 ;240 ;52 ;152 ;56 ;38 ;298 ;53 ;155 ;58 ;38 ;305 ;60 ;177 ;66 ;43 ;346 ;95 ;280 ;105 ;68 ;549 ;142 ;418 ;157 ;102 ;819 ;157 ;462 ;173 ;113 ;905 ;166 ;487 ;183 ;119 ;954 ;197 ;578 ;217 ;141 ;1 133 ;216 ;635 ;239 ;155 ;1 246 ;236 ;694 ;261 ;170 ;1 360 
;;Analog ASIC;0 ;0 ;0 ;0 ;0 ;0 ;0 ;0 ;0 ;0 ;0 ;0 ;0 ;0 ;0 ;0 ;0 ;0 ;0 ;0 ;0 ;0 ;0 ;0 ;0 ;0 ;0 ;0 ;0 ;0 ;0 ;0 ;0 ;0 ;0 ;0 ;0 ;0 ;0 ;0 ;0 ;0 ;0 ;0 ;0 ;0 ;0 ;0 ;0 ;0 ;0 ;0 ;0 ;0 ;0 ;0 ;0 ;0 ;0 ;0 ;0 ;0 ;0 ;0 ;0 ;0 ;0 ;0 ;0 ;0 ;0 ;0 ;0 ;0 ;0 ;0 ;0 ;0 ;0 ;0 ;0 ;0 ;0 ;0 ;0 ;0 ;0 ;0 ;0 ;0 ;0 ;0 ;0 ;0 ;0 ;0 ;0 ;0 ;0 ;0 
Automotive Electronics Categories;Infotainment & Cluster;Analog ASSP;250 ;570 ;277 ;192 ;1 289 ;134 ;393 ;178 ;133 ;837 ;255 ;748 ;301 ;232 ;1 536 ;285 ;838 ;330 ;240 ;1 692 ;293 ;813 ;307 ;232 ;1 645 ;260 ;749 ;274 ;202 ;1 485 ;291 ;860 ;312 ;223 ;1 686 ;263 ;782 ;285 ;201 ;1 532 ;252 ;731 ;273 ;191 ;1 448 ;276 ;799 ;298 ;205 ;1 577 ;291 ;852 ;317 ;213 ;1 673 ;261 ;767 ;287 ;189 ;1 505 ;251 ;737 ;277 ;180 ;1 444 ;313 ;920 ;346 ;225 ;1 804 ;419 ;1 229 ;462 ;301 ;2 410 ;440 ;1 293 ;486 ;316 ;2 535 ;459 ;1 348 ;506 ;329 ;2 642 ;474 ;1 393 ;523 ;340 ;2 731 ;522 ;1 532 ;575 ;375 ;3 003 ;570 ;1 673 ;628 ;409 ;3 280 
;;Analog ASIC;0 ;0 ;0 ;0 ;0 ;0 ;0 ;0 ;0 ;0 ;0 ;0 ;0 ;0 ;0 ;0 ;0 ;0 ;0 ;0 ;0 ;0 ;0 ;0 ;0 ;0 ;0 ;0 ;0 ;0 ;0 ;0 ;0 ;0 ;0 ;0 ;0 ;0 ;0 ;0 ;0 ;0 ;0 ;0 ;0 ;0 ;0 ;0 ;0 ;0 ;0 ;0 ;0 ;0 ;0 ;0 ;0 ;0 ;0 ;0 ;0 ;0 ;0 ;0 ;0 ;0 ;0 ;0 ;0 ;0 ;0 ;0 ;0 ;0 ;0 ;0 ;0 ;0 ;0 ;0 ;0 ;0 ;0 ;0 ;0 ;0 ;0 ;0 ;0 ;0 ;0 ;0 ;0 ;0 ;0 ;0 ;0 ;0 ;0 ;0 
Automotive Electronics Categories;Hybrid & Electric Drive Train;Analog ASSP;26 ;10 ;35 ;17 ;88 ;21 ;13 ;35 ;17 ;85 ;24 ;17 ;38 ;19 ;97 ;30 ;26 ;50 ;26 ;131 ;27 ;22 ;40 ;22 ;111 ;29 ;25 ;44 ;23 ;122 ;43 ;40 ;67 ;34 ;184 ;16 ;16 ;25 ;13 ;69 ;29 ;30 ;46 ;22 ;127 ;36 ;40 ;57 ;27 ;161 ;46 ;55 ;75 ;34 ;211 ;53 ;67 ;86 ;39 ;245 ;76 ;103 ;124 ;55 ;358 ;110 ;150 ;182 ;80 ;523 ;170 ;232 ;281 ;124 ;807 ;217 ;295 ;357 ;157 ;1 025 ;276 ;376 ;455 ;200 ;1 307 ;329 ;448 ;542 ;239 ;1 557 ;362 ;493 ;596 ;263 ;1 713 ;395 ;538 ;651 ;287 ;1 870 
;;Analog ASIC;9 ;4 ;13 ;6 ;32 ;7 ;4 ;11 ;5 ;27 ;9 ;6 ;14 ;7 ;36 ;10 ;8 ;17 ;9 ;44 ;8 ;7 ;12 ;7 ;34 ;8 ;7 ;13 ;7 ;35 ;12 ;11 ;18 ;9 ;49 ;1 ;1 ;2 ;1 ;6 ;2 ;2 ;3 ;1 ;8 ;2 ;2 ;3 ;2 ;9 ;3 ;3 ;4 ;2 ;12 ;2 ;3 ;4 ;2 ;11 ;3 ;4 ;5 ;2 ;16 ;4 ;5 ;6 ;3 ;18 ;6 ;8 ;10 ;4 ;28 ;8 ;10 ;12 ;5 ;36 ;10 ;13 ;16 ;7 ;46 ;10 ;14 ;17 ;8 ;49 ;11 ;15 ;18 ;8 ;53 ;12 ;16 ;19 ;9 ;56 
Automotive Electronics Categories;Powertrain & Vehicle Dynamics;Analog ASSP;247 ;92 ;331 ;166 ;835 ;127 ;76 ;208 ;101 ;512 ;222 ;156 ;359 ;178 ;915 ;177 ;151 ;294 ;153 ;774 ;180 ;144 ;269 ;146 ;738 ;202 ;175 ;305 ;161 ;843 ;350 ;323 ;538 ;275 ;1 486 ;284 ;275 ;440 ;222 ;1 220 ;293 ;307 ;468 ;227 ;1 296 ;303 ;338 ;484 ;228 ;1 353 ;301 ;360 ;486 ;224 ;1 371 ;278 ;354 ;455 ;204 ;1 290 ;229 ;311 ;376 ;166 ;1 082 ;272 ;371 ;449 ;198 ;1 290 ;337 ;459 ;556 ;245 ;1 598 ;352 ;479 ;580 ;256 ;1 667 ;368 ;501 ;606 ;267 ;1 743 ;395 ;538 ;650 ;287 ;1 869 ;434 ;591 ;715 ;315 ;2 056 ;474 ;646 ;781 ;344 ;2 245 
;;Analog ASIC;90 ;34 ;120 ;60 ;304 ;40 ;24 ;65 ;32 ;161 ;83 ;58 ;134 ;66 ;341 ;59 ;50 ;97 ;51 ;257 ;55 ;44 ;82 ;44 ;225 ;58 ;50 ;88 ;46 ;243 ;94 ;86 ;144 ;74 ;398 ;95 ;92 ;148 ;75 ;410 ;89 ;93 ;141 ;69 ;392 ;104 ;116 ;166 ;78 ;463 ;99 ;118 ;160 ;74 ;450 ;75 ;95 ;122 ;55 ;347 ;57 ;77 ;93 ;41 ;268 ;57 ;77 ;94 ;41 ;269 ;69 ;93 ;113 ;50 ;325 ;67 ;91 ;110 ;49 ;317 ;67 ;91 ;110 ;48 ;316 ;64 ;88 ;106 ;47 ;305 ;69 ;93 ;113 ;50 ;325 ;72 ;99 ;119 ;53 ;343 
Automotive Electronics Categories;ADAS;Analog ASSP;0 ;0 ;1 ;0 ;2 ;0 ;0 ;0 ;0 ;1 ;1 ;1 ;1 ;1 ;3 ;1 ;1 ;2 ;1 ;5 ;1 ;1 ;2 ;1 ;6 ;2 ;1 ;3 ;2 ;8 ;3 ;2 ;5 ;3 ;12 ;5 ;4 ;7 ;4 ;20 ;34 ;29 ;54 ;28 ;146 ;40 ;35 ;63 ;32 ;171 ;50 ;46 ;80 ;40 ;216 ;61 ;58 ;97 ;47 ;264 ;76 ;77 ;122 ;58 ;332 ;130 ;132 ;210 ;99 ;570 ;179 ;182 ;289 ;136 ;787 ;234 ;239 ;379 ;179 ;1 031 ;295 ;301 ;477 ;225 ;1 297 ;374 ;381 ;604 ;285 ;1 643 ;411 ;419 ;664 ;313 ;1 808 ;449 ;458 ;726 ;342 ;1 974 
;;Analog ASIC;8 ;5 ;13 ;8 ;34 ;5 ;4 ;8 ;5 ;23 ;14 ;15 ;24 ;14 ;66 ;21 ;18 ;37 ;22 ;98 ;26 ;18 ;38 ;23 ;105 ;32 ;23 ;48 ;28 ;131 ;46 ;33 ;70 ;40 ;189 ;67 ;53 ;104 ;58 ;282 ;108 ;91 ;171 ;90 ;461 ;173 ;152 ;272 ;140 ;737 ;223 ;205 ;355 ;177 ;960 ;210 ;202 ;338 ;163 ;913 ;217 ;221 ;351 ;165 ;954 ;270 ;275 ;437 ;206 ;1 188 ;328 ;335 ;531 ;250 ;1 444 ;366 ;373 ;591 ;279 ;1 608 ;398 ;406 ;644 ;304 ;1 752 ;454 ;463 ;735 ;346 ;1 999 ;484 ;494 ;783 ;369 ;2 130 ;512 ;522 ;828 ;390 ;2 251 
Automotive Electronics Categories;Chassis & Safety;Analog ASSP;153 ;89 ;244 ;152 ;638 ;117 ;108 ;206 ;125 ;555 ;127 ;136 ;220 ;135 ;617 ;157 ;132 ;276 ;160 ;724 ;141 ;101 ;212 ;127 ;581 ;196 ;142 ;295 ;173 ;806 ;243 ;178 ;373 ;212 ;1 005 ;246 ;193 ;381 ;213 ;1 033 ;280 ;236 ;442 ;233 ;1 192 ;292 ;258 ;461 ;237 ;1 248 ;271 ;249 ;431 ;215 ;1 167 ;258 ;249 ;416 ;201 ;1 124 ;276 ;281 ;446 ;210 ;1 214 ;294 ;299 ;475 ;224 ;1 292 ;338 ;345 ;547 ;258 ;1 489 ;359 ;366 ;580 ;274 ;1 578 ;392 ;400 ;634 ;299 ;1 725 ;423 ;431 ;684 ;322 ;1 860 ;465 ;474 ;752 ;355 ;2 046 ;508 ;518 ;821 ;387 ;2 234 
;;Analog ASIC;94 ;55 ;150 ;93 ;392 ;62 ;57 ;109 ;66 ;294 ;80 ;85 ;139 ;85 ;389 ;88 ;74 ;155 ;89 ;406 ;73 ;52 ;109 ;65 ;298 ;95 ;69 ;144 ;84 ;393 ;110 ;80 ;168 ;96 ;454 ;96 ;75 ;148 ;83 ;402 ;93 ;79 ;147 ;78 ;397 ;94 ;83 ;148 ;76 ;402 ;85 ;78 ;135 ;68 ;366 ;69 ;67 ;112 ;54 ;303 ;68 ;70 ;110 ;52 ;300 ;61 ;62 ;99 ;47 ;269 ;69 ;70 ;111 ;52 ;303 ;68 ;70 ;110 ;52 ;300 ;71 ;72 ;115 ;54 ;312 ;69 ;70 ;111 ;53 ;303 ;73 ;75 ;119 ;56 ;323 ;78 ;79 ;125 ;59 ;341 
Automotive Electronics Categories;Body & Convenience;Analog ASSP;77 ;379 ;169 ;124 ;749 ;74 ;395 ;142 ;107 ;718 ;104 ;609 ;205 ;152 ;1 069 ;139 ;758 ;266 ;185 ;1 347 ;155 ;839 ;271 ;196 ;1 461 ;166 ;918 ;292 ;206 ;1 581 ;178 ;1 034 ;318 ;218 ;1 748 ;131 ;844 ;237 ;160 ;1 372 ;129 ;889 ;223 ;148 ;1 389 ;134 ;1 060 ;231 ;148 ;1 575 ;132 ;1 143 ;226 ;143 ;1 643 ;102 ;960 ;174 ;108 ;1 344 ;90 ;922 ;152 ;92 ;1 256 ;123 ;1 260 ;208 ;126 ;1 717 ;145 ;1 493 ;246 ;149 ;2 033 ;151 ;1 551 ;256 ;155 ;2 113 ;162 ;1 664 ;275 ;166 ;2 268 ;168 ;1 728 ;285 ;173 ;2 354 ;185 ;1 900 ;314 ;190 ;2 589 ;202 ;2 075 ;343 ;207 ;2 827 
;;Analog ASIC;33 ;162 ;72 ;53 ;321 ;27 ;146 ;53 ;40 ;265 ;45 ;267 ;90 ;67 ;469 ;54 ;296 ;104 ;72 ;527 ;56 ;300 ;97 ;70 ;523 ;56 ;312 ;99 ;70 ;537 ;56 ;326 ;100 ;69 ;550 ;54 ;346 ;97 ;66 ;563 ;46 ;312 ;78 ;52 ;488 ;35 ;278 ;61 ;39 ;413 ;32 ;281 ;56 ;35 ;405 ;22 ;204 ;37 ;23 ;285 ;18 ;180 ;30 ;18 ;245 ;20 ;207 ;34 ;21 ;282 ;23 ;239 ;39 ;24 ;326 ;23 ;233 ;38 ;23 ;317 ;23 ;237 ;39 ;24 ;323 ;22 ;222 ;37 ;22 ;302 ;23 ;236 ;39 ;24 ;322 ;24 ;250 ;41 ;25 ;340 
Automotive Electronics Categories;Other Automotive;Analog ASSP;87 ;40 ;82 ;53 ;262 ;59 ;40 ;76 ;48 ;223 ;53 ;36 ;60 ;38 ;186 ;64 ;46 ;74 ;44 ;229 ;53 ;33 ;54 ;34 ;174 ;79 ;48 ;83 ;49 ;259 ;48 ;29 ;50 ;29 ;156 ;46 ;28 ;50 ;28 ;153 ;109 ;72 ;119 ;64 ;363 ;148 ;97 ;162 ;85 ;492 ;253 ;167 ;279 ;142 ;841 ;280 ;188 ;312 ;154 ;933 ;255 ;176 ;287 ;137 ;854 ;339 ;233 ;381 ;182 ;1 135 ;373 ;257 ;420 ;200 ;1 250 ;403 ;277 ;453 ;216 ;1 349 ;401 ;276 ;451 ;215 ;1 343 ;464 ;319 ;521 ;249 ;1 553 ;510 ;351 ;574 ;274 ;1 708 ;557 ;383 ;626 ;299 ;1 866 
;;Analog ASIC;96 ;44 ;91 ;59 ;290 ;56 ;38 ;72 ;45 ;212 ;59 ;40 ;68 ;43 ;211 ;65 ;46 ;75 ;44 ;231 ;49 ;31 ;50 ;31 ;161 ;44 ;27 ;46 ;28 ;145 ;28 ;17 ;30 ;17 ;93 ;21 ;13 ;23 ;13 ;70 ;48 ;32 ;53 ;28 ;161 ;70 ;46 ;76 ;40 ;231 ;83 ;55 ;92 ;47 ;276 ;82 ;56 ;92 ;45 ;275 ;71 ;49 ;80 ;38 ;238 ;74 ;51 ;83 ;40 ;249 ;80 ;55 ;90 ;43 ;269 ;82 ;56 ;92 ;44 ;274 ;78 ;54 ;88 ;42 ;262 ;81 ;56 ;92 ;44 ;273 ;87 ;60 ;98 ;47 ;291 ;92 ;63 ;103 ;49 ;307 
Industrial Electronics Categories;Medical Electronics;Analog ASSP;100 ;96 ;87 ;47 ;330 ;80 ;82 ;71 ;35 ;268 ;100 ;98 ;90 ;43 ;331 ;63 ;62 ;57 ;27 ;207 ;65 ;65 ;59 ;27 ;215 ;59 ;62 ;54 ;23 ;198 ;70 ;76 ;63 ;26 ;236 ;76 ;85 ;68 ;27 ;257 ;81 ;93 ;71 ;28 ;273 ;75 ;90 ;66 ;25 ;256 ;83 ;103 ;72 ;26 ;283 ;81 ;105 ;71 ;25 ;281 ;83 ;110 ;71 ;24 ;288 ;95 ;126 ;82 ;27 ;330 ;107 ;142 ;92 ;31 ;372 ;112 ;148 ;96 ;32 ;388 ;117 ;155 ;101 ;34 ;407 ;124 ;165 ;107 ;36 ;432 ;132 ;175 ;114 ;38 ;459 ;143 ;190 ;123 ;41 ;496 
;;Analog ASIC;35 ;34 ;31 ;17 ;116 ;31 ;31 ;27 ;13 ;102 ;26 ;26 ;23 ;11 ;86 ;17 ;17 ;16 ;7 ;57 ;17 ;17 ;15 ;7 ;56 ;20 ;21 ;18 ;8 ;67 ;27 ;29 ;25 ;10 ;92 ;23 ;25 ;20 ;8 ;76 ;26 ;30 ;23 ;9 ;89 ;26 ;31 ;23 ;8 ;88 ;29 ;36 ;25 ;9 ;100 ;22 ;29 ;19 ;7 ;77 ;21 ;27 ;18 ;6 ;71 ;22 ;30 ;19 ;6 ;78 ;24 ;32 ;21 ;7 ;83 ;29 ;39 ;25 ;9 ;103 ;31 ;41 ;26 ;9 ;107 ;33 ;43 ;28 ;9 ;113 ;35 ;46 ;30 ;10 ;120 ;37 ;50 ;32 ;11 ;130 
Industrial Electronics Categories;Automation;Analog ASSP;172 ;141 ;178 ;72 ;562 ;110 ;108 ;114 ;41 ;373 ;147 ;140 ;152 ;55 ;495 ;161 ;154 ;168 ;61 ;544 ;139 ;135 ;145 ;49 ;467 ;146 ;146 ;152 ;48 ;492 ;149 ;158 ;156 ;44 ;507 ;163 ;181 ;171 ;43 ;558 ;187 ;216 ;195 ;44 ;641 ;216 ;261 ;228 ;44 ;749 ;216 ;274 ;230 ;40 ;761 ;201 ;266 ;214 ;33 ;715 ;202 ;277 ;216 ;30 ;724 ;246 ;337 ;263 ;36 ;883 ;298 ;409 ;320 ;44 ;1 071 ;306 ;419 ;327 ;45 ;1 097 ;320 ;439 ;343 ;47 ;1 149 ;347 ;476 ;372 ;51 ;1 246 ;372 ;510 ;398 ;55 ;1 334 ;404 ;554 ;433 ;60 ;1 451 
;;Analog ASIC;33 ;27 ;34 ;14 ;109 ;16 ;16 ;17 ;6 ;54 ;22 ;21 ;23 ;8 ;75 ;31 ;30 ;33 ;12 ;106 ;24 ;23 ;24 ;8 ;79 ;32 ;32 ;34 ;11 ;108 ;42 ;44 ;44 ;12 ;143 ;30 ;33 ;31 ;8 ;103 ;35 ;41 ;37 ;8 ;120 ;43 ;53 ;46 ;9 ;151 ;45 ;56 ;47 ;8 ;157 ;30 ;40 ;32 ;5 ;107 ;27 ;36 ;28 ;4 ;95 ;30 ;42 ;33 ;5 ;109 ;33 ;46 ;36 ;5 ;120 ;40 ;55 ;43 ;6 ;144 ;43 ;59 ;46 ;6 ;155 ;47 ;64 ;50 ;7 ;167 ;50 ;68 ;53 ;7 ;179 ;54 ;74 ;58 ;8 ;195 
Industrial Electronics Categories;Test & Measurement;Analog ASSP;19 ;13 ;8 ;9 ;49 ;8 ;7 ;4 ;4 ;22 ;25 ;20 ;10 ;12 ;67 ;30 ;24 ;12 ;14 ;79 ;24 ;19 ;10 ;11 ;64 ;23 ;19 ;10 ;11 ;62 ;35 ;30 ;16 ;15 ;96 ;40 ;36 ;18 ;17 ;111 ;45 ;42 ;21 ;19 ;128 ;50 ;47 ;23 ;20 ;140 ;53 ;52 ;26 ;21 ;152 ;51 ;52 ;25 ;20 ;148 ;52 ;55 ;26 ;20 ;152 ;63 ;66 ;32 ;24 ;184 ;76 ;79 ;38 ;29 ;221 ;83 ;87 ;42 ;31 ;243 ;95 ;99 ;48 ;36 ;277 ;104 ;109 ;52 ;39 ;304 ;111 ;117 ;56 ;42 ;327 ;116 ;122 ;58 ;44 ;340 
;;Analog ASIC;10 ;7 ;4 ;5 ;26 ;4 ;3 ;2 ;2 ;10 ;13 ;11 ;5 ;6 ;36 ;6 ;5 ;2 ;3 ;15 ;4 ;3 ;2 ;2 ;11 ;5 ;4 ;2 ;2 ;14 ;10 ;8 ;4 ;4 ;27 ;7 ;7 ;3 ;3 ;20 ;9 ;8 ;4 ;4 ;24 ;10 ;9 ;5 ;4 ;28 ;11 ;11 ;5 ;4 ;31 ;8 ;8 ;4 ;3 ;22 ;7 ;7 ;3 ;3 ;20 ;8 ;8 ;4 ;3 ;23 ;9 ;9 ;4 ;3 ;26 ;11 ;12 ;6 ;4 ;33 ;13 ;13 ;6 ;5 ;37 ;14 ;15 ;7 ;5 ;41 ;15 ;16 ;8 ;6 ;44 ;16 ;16 ;8 ;6 ;46 
Industrial Electronics Categories;Security & Video Surveillance;Analog ASSP;11 ;8 ;5 ;4 ;28 ;10 ;7 ;5 ;3 ;25 ;29 ;21 ;15 ;10 ;76 ;17 ;13 ;9 ;6 ;45 ;16 ;12 ;8 ;5 ;41 ;16 ;12 ;8 ;5 ;40 ;19 ;15 ;9 ;6 ;50 ;19 ;15 ;9 ;5 ;49 ;23 ;19 ;11 ;6 ;59 ;26 ;22 ;12 ;6 ;66 ;29 ;25 ;14 ;6 ;74 ;29 ;26 ;14 ;6 ;74 ;29 ;27 ;14 ;5 ;76 ;34 ;32 ;16 ;6 ;87 ;36 ;34 ;17 ;6 ;94 ;37 ;35 ;18 ;7 ;95 ;38 ;36 ;18 ;7 ;99 ;39 ;37 ;19 ;7 ;103 ;40 ;38 ;19 ;7 ;105 ;43 ;40 ;21 ;8 ;111 
;;Analog ASIC;4 ;3 ;2 ;2 ;11 ;3 ;3 ;2 ;1 ;9 ;9 ;7 ;5 ;3 ;24 ;5 ;4 ;3 ;2 ;14 ;5 ;3 ;2 ;2 ;12 ;7 ;5 ;3 ;2 ;17 ;12 ;9 ;6 ;4 ;31 ;6 ;5 ;3 ;2 ;14 ;7 ;6 ;3 ;2 ;18 ;8 ;7 ;4 ;2 ;21 ;10 ;8 ;5 ;2 ;25 ;7 ;7 ;4 ;1 ;19 ;7 ;6 ;3 ;1 ;18 ;7 ;7 ;4 ;1 ;19 ;8 ;7 ;4 ;1 ;20 ;9 ;9 ;4 ;2 ;24 ;9 ;9 ;5 ;2 ;24 ;10 ;9 ;5 ;2 ;25 ;10 ;9 ;5 ;2 ;26 ;10 ;10 ;5 ;2 ;27 
Industrial Electronics Categories;Building & Home Control;Analog ASSP;25 ;18 ;13 ;10 ;65 ;30 ;23 ;16 ;11 ;80 ;55 ;40 ;28 ;19 ;142 ;61 ;45 ;31 ;22 ;159 ;54 ;40 ;26 ;18 ;138 ;59 ;44 ;28 ;19 ;151 ;56 ;43 ;27 ;17 ;142 ;62 ;49 ;29 ;17 ;157 ;64 ;53 ;31 ;16 ;164 ;70 ;59 ;33 ;16 ;178 ;76 ;67 ;36 ;16 ;194 ;74 ;67 ;35 ;14 ;191 ;76 ;71 ;36 ;14 ;197 ;86 ;82 ;42 ;15 ;225 ;95 ;90 ;46 ;17 ;248 ;94 ;89 ;46 ;17 ;246 ;103 ;97 ;50 ;18 ;267 ;104 ;98 ;50 ;19 ;271 ;105 ;100 ;51 ;19 ;274 ;110 ;104 ;53 ;20 ;288 
;;Analog ASIC;9 ;7 ;5 ;4 ;24 ;10 ;8 ;5 ;4 ;26 ;17 ;12 ;9 ;6 ;43 ;19 ;14 ;10 ;7 ;49 ;16 ;12 ;8 ;5 ;40 ;20 ;15 ;10 ;6 ;52 ;23 ;18 ;11 ;7 ;59 ;18 ;15 ;9 ;5 ;47 ;21 ;17 ;10 ;5 ;53 ;22 ;18 ;10 ;5 ;55 ;25 ;22 ;12 ;5 ;64 ;19 ;17 ;9 ;4 ;49 ;19 ;18 ;9 ;3 ;48 ;20 ;19 ;10 ;4 ;53 ;21 ;20 ;10 ;4 ;56 ;26 ;25 ;13 ;5 ;68 ;27 ;26 ;13 ;5 ;71 ;28 ;26 ;13 ;5 ;72 ;28 ;26 ;14 ;5 ;73 ;29 ;28 ;14 ;5 ;77 
Industrial Electronics Categories;Lighting;Analog ASSP;27 ;20 ;14 ;11 ;72 ;46 ;35 ;24 ;16 ;121 ;122 ;89 ;63 ;44 ;318 ;166 ;121 ;84 ;59 ;430 ;293 ;216 ;144 ;97 ;750 ;61 ;45 ;29 ;19 ;154 ;57 ;44 ;27 ;17 ;146 ;65 ;52 ;31 ;18 ;165 ;60 ;50 ;29 ;15 ;153 ;83 ;71 ;40 ;19 ;213 ;100 ;88 ;48 ;21 ;257 ;97 ;88 ;46 ;19 ;251 ;117 ;111 ;56 ;21 ;305 ;154 ;146 ;74 ;28 ;402 ;189 ;179 ;91 ;34 ;493 ;186 ;176 ;90 ;33 ;486 ;194 ;184 ;94 ;35 ;506 ;198 ;187 ;96 ;35 ;517 ;206 ;195 ;100 ;37 ;538 ;217 ;205 ;105 ;39 ;565 
;;Analog ASIC;10 ;7 ;5 ;4 ;27 ;15 ;11 ;8 ;5 ;40 ;37 ;27 ;19 ;13 ;97 ;51 ;37 ;26 ;18 ;133 ;86 ;63 ;42 ;28 ;219 ;21 ;16 ;10 ;7 ;53 ;24 ;18 ;11 ;7 ;60 ;19 ;15 ;9 ;5 ;49 ;19 ;16 ;9 ;5 ;50 ;26 ;22 ;12 ;6 ;66 ;33 ;29 ;16 ;7 ;84 ;25 ;23 ;12 ;5 ;65 ;29 ;27 ;14 ;5 ;75 ;36 ;34 ;18 ;7 ;95 ;43 ;40 ;21 ;8 ;111 ;51 ;48 ;25 ;9 ;133 ;52 ;49 ;25 ;9 ;135 ;53 ;50 ;25 ;9 ;137 ;55 ;52 ;26 ;10 ;143 ;58 ;54 ;28 ;10 ;150 
Industrial Electronics Categories;Power & Energy;Analog ASSP;81 ;72 ;157 ;32 ;342 ;61 ;63 ;121 ;22 ;268 ;76 ;82 ;129 ;25 ;311 ;74 ;82 ;128 ;24 ;308 ;46 ;52 ;79 ;14 ;191 ;58 ;65 ;98 ;16 ;237 ;74 ;84 ;121 ;18 ;297 ;81 ;94 ;130 ;17 ;322 ;95 ;113 ;151 ;18 ;377 ;109 ;131 ;171 ;17 ;429 ;121 ;148 ;186 ;17 ;472 ;122 ;152 ;185 ;15 ;474 ;127 ;160 ;188 ;14 ;488 ;140 ;177 ;208 ;15 ;541 ;158 ;199 ;233 ;17 ;607 ;177 ;224 ;262 ;19 ;684 ;217 ;274 ;321 ;24 ;836 ;250 ;315 ;369 ;27 ;961 ;288 ;364 ;426 ;32 ;1 109 ;324 ;409 ;479 ;35 ;1 246 
;;Analog ASIC;8 ;7 ;16 ;3 ;35 ;4 ;4 ;8 ;1 ;18 ;4 ;5 ;7 ;1 ;18 ;4 ;4 ;7 ;1 ;16 ;3 ;3 ;5 ;1 ;11 ;6 ;6 ;10 ;2 ;23 ;14 ;16 ;22 ;3 ;55 ;8 ;10 ;13 ;2 ;33 ;12 ;14 ;18 ;2 ;46 ;15 ;18 ;23 ;2 ;58 ;17 ;20 ;26 ;2 ;65 ;11 ;14 ;17 ;1 ;43 ;10 ;12 ;14 ;1 ;37 ;10 ;13 ;15 ;1 ;38 ;10 ;13 ;15 ;1 ;39 ;14 ;17 ;20 ;1 ;52 ;16 ;20 ;24 ;2 ;62 ;19 ;23 ;27 ;2 ;71 ;21 ;27 ;32 ;2 ;82 ;24 ;30 ;35 ;3 ;92 
Industrial Electronics Categories;Military & Civil Aerospace;Analog ASSP;129 ;54 ;77 ;8 ;268 ;124 ;47 ;65 ;4 ;242 ;63 ;26 ;36 ;3 ;127 ;173 ;71 ;101 ;7 ;352 ;172 ;70 ;101 ;6 ;350 ;177 ;75 ;105 ;6 ;363 ;159 ;68 ;94 ;5 ;325 ;152 ;65 ;89 ;4 ;311 ;161 ;71 ;94 ;4 ;330 ;162 ;70 ;94 ;4 ;330 ;179 ;79 ;104 ;4 ;366 ;168 ;74 ;97 ;3 ;342 ;162 ;72 ;93 ;3 ;329 ;188 ;84 ;108 ;3 ;383 ;219 ;98 ;126 ;4 ;447 ;220 ;99 ;126 ;4 ;449 ;226 ;101 ;130 ;4 ;461 ;243 ;108 ;139 ;4 ;495 ;256 ;114 ;147 ;4 ;521 ;275 ;123 ;158 ;5 ;560 
;;Analog ASIC;0 ;0 ;0 ;0 ;0 ;1 ;0 ;1 ;0 ;2 ;1 ;0 ;0 ;0 ;1 ;2 ;1 ;1 ;0 ;4 ;2 ;1 ;1 ;0 ;4 ;2 ;1 ;1 ;0 ;4 ;2 ;1 ;1 ;0 ;3 ;2 ;1 ;1 ;0 ;3 ;2 ;1 ;1 ;0 ;3 ;2 ;1 ;1 ;0 ;3 ;2 ;1 ;1 ;0 ;4 ;2 ;1 ;1 ;0 ;3 ;1 ;1 ;1 ;0 ;3 ;2 ;1 ;1 ;0 ;3 ;2 ;1 ;1 ;0 ;4 ;2 ;1 ;1 ;0 ;5 ;2 ;1 ;1 ;0 ;5 ;2 ;1 ;1 ;0 ;5 ;3 ;1 ;1 ;0 ;5 ;3 ;1 ;2 ;0 ;6 
Industrial Electronics Categories;Other Industrial;Analog ASSP;17 ;22 ;27 ;7 ;73 ;20 ;26 ;31 ;7 ;83 ;125 ;175 ;202 ;45 ;547 ;30 ;38 ;47 ;11 ;126 ;23 ;30 ;37 ;8 ;98 ;18 ;24 ;30 ;5 ;76 ;21 ;29 ;36 ;6 ;92 ;32 ;46 ;56 ;8 ;143 ;38 ;55 ;66 ;9 ;169 ;47 ;69 ;82 ;10 ;208 ;47 ;71 ;83 ;9 ;210 ;46 ;72 ;83 ;9 ;209 ;47 ;75 ;85 ;8 ;215 ;55 ;87 ;99 ;9 ;249 ;61 ;97 ;110 ;10 ;278 ;59 ;93 ;106 ;10 ;268 ;59 ;94 ;107 ;10 ;271 ;60 ;96 ;109 ;10 ;276 ;63 ;100 ;114 ;11 ;288 ;67 ;107 ;121 ;11 ;306 
;;Analog ASIC;1 ;1 ;2 ;0 ;5 ;1 ;1 ;1 ;0 ;3 ;5 ;7 ;8 ;2 ;21 ;1 ;2 ;2 ;0 ;5 ;1 ;1 ;1 ;0 ;3 ;2 ;2 ;3 ;0 ;7 ;4 ;5 ;7 ;1 ;17 ;4 ;5 ;6 ;1 ;17 ;4 ;6 ;8 ;1 ;20 ;6 ;9 ;11 ;1 ;27 ;6 ;9 ;11 ;1 ;27 ;4 ;6 ;7 ;1 ;17 ;3 ;5 ;6 ;1 ;15 ;3 ;5 ;6 ;1 ;16 ;3 ;6 ;6 ;1 ;16 ;4 ;6 ;7 ;1 ;18 ;4 ;6 ;7 ;1 ;18 ;4 ;6 ;7 ;1 ;18 ;4 ;7 ;7 ;1 ;19 ;4 ;7 ;8 ;1 ;20 